frame,t,ms,fps,draws,uniforms,lookups,vao,tex,dcTerrain,dcObjects,dcHUD,camx,camy,camz,yaw,phase
1,0.000,35.669,28.0,20631,91463,58,20592,16151,0,0,43,30.00,16.50,18.00,0.0,idle_spawn
2,0.036,31.363,31.9,20639,91482,0,20600,16153,0,0,43,30.00,16.50,18.00,0.9,idle_spawn
3,0.067,30.463,32.8,20617,91390,0,20578,16146,0,0,43,30.00,16.50,18.00,1.6,idle_spawn
4,0.098,29.685,33.7,20591,91291,0,20552,16142,0,0,43,30.00,16.50,18.00,2.3,idle_spawn
5,0.127,29.057,34.4,20570,91198,0,20531,16130,0,0,43,30.00,16.50,18.00,3.1,idle_spawn
6,0.156,28.885,34.6,20555,91123,0,20516,16118,0,0,43,30.00,16.50,18.00,3.8,idle_spawn
7,0.185,35.210,28.4,20519,90942,0,20480,16087,0,0,43,30.00,16.50,18.00,4.4,idle_spawn
8,0.220,41.842,23.9,20506,90876,0,20467,16079,0,0,43,30.00,16.50,18.00,5.3,idle_spawn
9,0.262,35.394,28.3,20487,90800,0,20448,16085,0,0,43,30.00,16.50,18.00,6.3,idle_spawn
10,0.298,37.958,26.3,20408,90420,0,20369,16024,0,0,43,30.00,16.50,18.00,7.1,idle_spawn
11,0.336,39.039,25.6,20350,90147,0,20311,15986,0,0,43,30.00,16.50,18.00,8.1,idle_spawn
12,0.375,36.440,27.4,20292,89875,0,20253,15943,0,0,43,30.00,16.50,18.00,9.0,idle_spawn
13,0.411,31.890,31.4,20246,89648,0,20207,15897,0,0,43,30.00,16.50,18.00,9.9,idle_spawn
14,0.443,36.771,27.2,20201,89426,0,20162,15858,0,0,43,30.00,16.50,18.00,10.6,idle_spawn
15,0.480,31.276,32.0,20131,89075,0,20092,15799,0,0,43,30.00,16.50,18.00,11.5,idle_spawn
16,0.511,44.107,22.7,20075,88792,0,20036,15755,0,0,43,30.00,16.50,18.00,12.3,idle_spawn
17,0.555,31.386,31.9,20001,88406,0,19962,15686,0,0,43,30.00,16.50,18.00,13.3,idle_spawn
18,0.587,31.007,32.3,19949,88147,0,19910,15641,0,0,43,30.00,16.50,18.00,14.1,idle_spawn
19,0.618,30.648,32.6,19904,87917,0,19865,15597,0,0,43,30.00,16.50,18.00,14.8,idle_spawn
20,0.648,37.305,26.8,19862,87717,0,19823,15553,0,0,43,30.00,16.50,18.00,15.6,idle_spawn
21,0.686,30.781,32.5,19820,87508,0,19781,15507,0,0,43,30.00,16.50,18.00,16.5,idle_spawn
22,0.716,31.003,32.3,19793,87376,0,19754,15474,0,0,43,30.00,16.50,18.00,17.2,idle_spawn
23,0.747,30.746,32.5,19768,87249,0,19729,15447,0,0,43,30.00,16.50,18.00,17.9,idle_spawn
24,0.778,30.899,32.4,19737,87109,0,19698,15419,0,0,43,30.00,16.50,18.00,18.7,idle_spawn
25,0.809,31.250,32.0,19710,86971,0,19671,15389,0,0,43,30.00,16.50,18.00,19.4,idle_spawn
26,0.840,28.433,35.2,19694,86885,0,19655,15367,0,0,43,30.00,16.50,18.00,20.2,idle_spawn
27,0.869,33.752,29.6,19678,86807,0,19639,15350,0,0,43,30.00,16.50,18.00,20.9,idle_spawn
28,0.903,27.352,36.6,19663,86728,0,19624,15331,0,0,43,30.00,16.50,18.00,21.7,idle_spawn
29,0.930,27.688,36.1,19653,86674,0,19614,15317,0,0,43,30.00,16.50,18.00,22.3,idle_spawn
30,0.958,27.497,36.4,19640,86602,0,19601,15300,0,0,43,30.00,16.50,18.00,23.0,idle_spawn
31,0.985,27.544,36.3,19622,86510,0,19583,15280,0,0,43,30.00,16.50,18.00,23.6,idle_spawn
32,1.013,27.956,35.8,19621,86509,0,19582,15277,0,0,43,30.00,16.50,18.00,24.3,idle_spawn
33,1.041,27.727,36.1,19613,86451,0,19574,15260,0,0,43,30.00,16.50,18.00,25.0,idle_spawn
34,1.068,28.599,35.0,19612,86446,0,19573,15256,0,0,43,30.00,16.50,18.00,25.6,idle_spawn
35,1.097,34.262,29.2,19609,86430,0,19570,15249,0,0,43,30.00,16.50,18.00,26.3,idle_spawn
36,1.131,35.065,28.5,19597,86374,0,19558,15235,0,0,43,30.00,16.50,18.00,27.1,idle_spawn
37,1.166,37.568,26.6,19590,86394,0,19551,15239,0,0,43,30.00,16.50,18.00,28.0,idle_spawn
38,1.204,29.735,33.6,19588,86389,0,19549,15233,0,0,43,30.00,16.50,18.00,28.9,idle_spawn
39,1.234,31.797,31.4,19585,86396,0,19546,15234,0,0,43,30.00,16.50,18.00,29.6,idle_spawn
40,1.265,29.689,33.7,19596,86439,0,19557,15239,0,0,43,30.00,16.50,18.00,30.4,idle_spawn
41,1.295,30.705,32.6,19586,86390,0,19547,15227,0,0,43,30.00,16.50,18.00,31.1,idle_spawn
42,1.326,39.088,25.6,19610,86512,0,19571,15244,0,0,43,30.00,16.50,18.00,31.8,idle_spawn
43,1.365,31.101,32.2,19622,86575,0,19583,15253,0,0,43,30.00,16.50,18.00,32.8,idle_spawn
44,1.396,36.970,27.0,19631,86624,0,19592,15260,0,0,43,30.00,16.50,18.00,33.5,idle_spawn
45,1.433,31.036,32.2,19634,86629,0,19595,15262,0,0,43,30.00,16.50,18.00,34.4,idle_spawn
46,1.464,31.498,31.7,19662,86767,0,19623,15288,0,0,43,30.00,16.50,18.00,35.1,idle_spawn
47,1.496,30.579,32.7,19682,86849,0,19643,15305,0,0,43,30.00,16.50,18.00,35.9,idle_spawn
48,1.526,37.805,26.5,19704,86963,0,19665,15325,0,0,43,30.00,16.50,18.00,36.6,idle_spawn
49,1.564,30.776,32.5,19723,87041,0,19684,15342,0,0,43,30.00,16.50,18.00,37.5,idle_spawn
50,1.595,29.844,33.5,19739,87106,0,19700,15355,0,0,43,30.00,16.50,18.00,38.3,idle_spawn
51,1.625,30.456,32.8,19760,87204,0,19721,15375,0,0,43,30.00,16.50,18.00,39.0,idle_spawn
52,1.655,30.257,33.1,19776,87273,0,19737,15389,0,0,43,30.00,16.50,18.00,39.7,idle_spawn
53,1.685,30.456,32.8,19797,87371,0,19758,15409,0,0,43,30.00,16.50,18.00,40.4,idle_spawn
54,1.716,30.705,32.6,19822,87492,0,19783,15433,0,0,43,30.00,16.50,18.00,41.2,idle_spawn
55,1.747,39.772,25.1,19844,87598,0,19805,15454,0,0,43,30.00,16.50,18.00,41.9,idle_spawn
56,1.786,32.474,30.8,19870,87727,0,19831,15479,0,0,43,30.00,16.50,18.00,42.9,idle_spawn
57,1.819,32.652,30.6,19897,87861,0,19858,15505,0,0,43,30.00,16.50,18.00,43.7,idle_spawn
58,1.851,31.001,32.3,19923,87999,0,19884,15530,0,0,43,30.00,16.50,18.00,44.4,idle_spawn
59,1.882,30.571,32.7,19944,88131,0,19905,15557,0,0,43,30.00,16.50,18.00,45.2,idle_spawn
60,1.913,30.642,32.6,19974,88286,0,19935,15586,0,0,43,30.00,16.50,18.00,45.9,idle_spawn
61,1.944,30.361,32.9,19998,88411,0,19959,15609,0,0,43,30.00,16.50,18.00,46.6,idle_spawn
62,1.974,36.548,27.4,20021,88529,0,19982,15632,0,0,43,30.00,16.50,18.00,47.4,idle_spawn
63,2.011,30.594,32.7,20061,88735,0,20022,15669,0,0,43,30.00,16.50,18.00,48.3,idle_spawn
64,2.041,30.408,32.9,20099,88928,0,20060,15707,0,0,43,30.00,16.50,18.00,49.0,idle_spawn
65,2.072,31.139,32.1,20118,89026,0,20079,15726,0,0,43,30.00,16.50,18.00,49.7,idle_spawn
66,2.103,32.727,30.6,20156,89222,0,20117,15764,0,0,43,30.00,16.50,18.00,50.5,idle_spawn
67,2.136,30.488,32.8,20181,89356,0,20142,15789,0,0,43,30.00,16.50,18.00,51.3,idle_spawn
68,2.166,30.733,32.5,20213,89518,0,20174,15820,0,0,43,30.00,16.50,18.00,52.0,idle_spawn
69,2.197,37.093,27.0,20236,89629,0,20197,15842,0,0,43,30.00,16.50,18.00,52.7,idle_spawn
70,2.234,31.950,31.3,20294,89919,0,20255,15900,0,0,43,30.00,16.50,18.00,53.6,idle_spawn
71,2.266,32.914,30.4,20331,90113,0,20292,15937,0,0,43,30.00,16.50,18.00,54.4,idle_spawn
72,2.299,28.624,34.9,20363,90264,0,20324,15969,0,0,43,30.00,16.50,18.00,55.2,idle_spawn
73,2.327,28.977,34.5,20400,90440,0,20361,16006,0,0,43,30.00,16.50,18.00,55.9,idle_spawn
74,2.356,29.540,33.9,20447,90642,0,20408,16041,0,0,43,30.00,16.50,18.00,56.6,idle_spawn
75,2.386,37.611,26.6,20496,90862,0,20457,16083,0,0,43,30.00,16.50,18.00,57.3,idle_spawn
76,2.424,40.670,24.6,20548,91110,0,20509,16135,0,0,43,30.00,16.50,18.00,58.2,idle_spawn
77,2.464,34.006,29.4,20605,91410,0,20566,16192,0,0,43,30.00,16.50,18.00,59.1,idle_spawn
78,2.498,30.221,33.1,20686,91819,0,20647,16271,0,0,43,30.00,16.50,18.00,60.0,idle_spawn
79,2.528,37.961,26.3,20711,91944,0,20672,16296,0,0,43,30.00,16.50,18.00,60.7,idle_spawn
80,2.566,41.068,24.3,20766,92226,0,20727,16352,0,0,43,30.00,16.50,18.00,61.6,idle_spawn
81,2.607,30.163,33.2,20830,92540,0,20791,16416,0,0,43,30.00,16.50,18.00,62.6,idle_spawn
82,2.638,35.393,28.3,20889,92835,0,20850,16475,0,0,43,30.00,16.50,18.00,63.3,idle_spawn
83,2.673,29.769,33.6,20945,93124,0,20906,16531,0,0,43,30.00,16.50,18.00,64.2,idle_spawn
84,2.703,29.261,34.2,20993,93376,0,20954,16579,0,0,43,30.00,16.50,18.00,64.9,idle_spawn
85,2.732,31.383,31.9,21037,93596,0,20998,16623,0,0,43,30.00,16.50,18.00,65.6,idle_spawn
86,2.763,30.618,32.7,21137,94105,0,21098,16723,0,0,43,30.00,16.50,18.00,66.3,idle_spawn
87,2.794,29.569,33.8,21144,94136,0,21105,16729,0,0,43,30.00,16.50,18.00,67.1,idle_spawn
88,2.824,31.618,31.6,21192,94379,0,21153,16777,0,0,43,30.00,16.50,18.00,67.8,idle_spawn
89,2.855,35.518,28.2,21248,94671,0,21209,16833,0,0,43,30.00,16.50,18.00,68.5,idle_spawn
90,2.891,29.579,33.8,21311,94995,0,21272,16896,0,0,43,30.00,16.50,18.00,69.4,idle_spawn
91,2.920,29.946,33.4,21365,95262,0,21326,16950,0,0,43,30.00,16.50,18.00,70.1,idle_spawn
92,2.950,30.560,32.7,21416,95516,0,21377,17003,0,0,43,30.00,16.50,18.00,70.8,idle_spawn
93,2.981,31.734,31.5,21486,95870,0,21447,17074,0,0,43,30.00,16.50,18.00,71.5,idle_spawn
94,3.013,35.604,28.1,21549,96191,0,21510,17137,0,0,43,30.00,16.50,18.00,72.3,idle_spawn
95,3.048,37.418,26.7,21624,96581,0,21585,17218,0,0,43,30.00,16.50,18.00,73.2,idle_spawn
96,3.086,36.547,27.4,21714,97035,0,21675,17309,0,0,43,30.00,16.50,18.00,74.1,idle_spawn
97,3.122,39.839,25.1,21805,97469,0,21766,17394,0,0,43,30.00,16.50,18.00,74.9,idle_spawn
98,3.162,38.365,26.1,21908,97960,0,21869,17494,0,0,43,30.00,16.50,18.00,75.9,idle_spawn
99,3.201,30.467,32.8,21987,98361,0,21948,17573,0,0,43,30.00,16.50,18.00,76.8,idle_spawn
100,3.231,31.331,31.9,22067,98773,0,22028,17653,0,0,43,30.00,16.50,18.00,77.5,idle_spawn
101,3.262,31.478,31.8,22130,99095,0,22091,17717,0,0,43,30.00,16.50,18.00,78.3,idle_spawn
102,3.294,36.804,27.2,22198,99441,0,22159,17788,0,0,43,30.00,16.50,18.00,79.1,idle_spawn
103,3.331,30.600,32.7,22289,99914,0,22250,17879,0,0,43,30.00,16.50,18.00,79.9,idle_spawn
104,3.361,32.129,31.1,22359,100271,0,22320,17950,0,0,43,30.00,16.50,18.00,80.7,idle_spawn
105,3.393,31.127,32.1,22430,100633,0,22391,18022,0,0,43,30.00,16.50,18.00,81.4,idle_spawn
106,3.425,38.190,26.2,22495,100972,0,22456,18089,0,0,43,30.00,16.50,18.00,82.2,idle_spawn
107,3.463,42.339,23.6,22565,101355,0,22526,18168,0,0,43,30.00,16.50,18.00,83.1,idle_spawn
108,3.505,48.054,20.8,22650,101792,0,22611,18256,0,0,43,30.00,16.50,18.00,84.1,idle_spawn
109,3.553,37.011,27.0,22744,102271,0,22705,18353,0,0,43,30.00,16.50,18.00,85.3,idle_spawn
110,3.590,32.058,31.2,22798,102549,0,22759,18409,0,0,43,30.00,16.50,18.00,86.2,idle_spawn
111,3.622,32.104,31.1,22852,102830,0,22813,18465,0,0,43,30.00,16.50,18.00,86.9,idle_spawn
112,3.654,32.216,31.0,22885,102995,0,22846,18501,0,0,43,30.00,16.50,18.00,87.7,idle_spawn
113,3.687,35.373,28.3,22928,103219,0,22889,18544,0,0,43,30.00,16.50,18.00,88.5,idle_spawn
114,3.722,45.695,21.9,22967,103418,0,22928,18584,0,0,43,30.00,16.50,18.00,89.3,idle_spawn
115,3.768,42.916,23.3,22985,103512,0,22946,18603,0,0,43,30.00,16.50,18.00,90.4,idle_spawn
116,3.811,42.868,23.3,23034,103785,0,22995,18656,0,0,43,30.00,16.50,18.00,91.5,idle_spawn
117,3.853,34.754,28.8,23036,103814,0,22997,18668,0,0,43,30.00,16.50,18.00,92.5,idle_spawn
118,3.888,31.538,31.7,23030,103782,0,22991,18666,0,0,43,30.00,16.50,18.00,93.3,idle_spawn
119,3.920,31.370,31.9,23028,103766,0,22989,18667,0,0,43,30.00,16.50,18.00,94.1,idle_spawn
120,3.951,37.239,26.9,23020,103729,0,22981,18665,0,0,43,30.00,16.50,18.00,94.8,idle_spawn
121,3.988,31.135,32.1,22996,103618,0,22957,18653,0,0,43,30.00,16.50,18.00,95.7,idle_spawn
122,4.020,32.278,31.0,22925,103279,0,22886,18595,0,0,43,30.00,16.50,18.00,96.5,idle_spawn
123,4.052,32.081,31.2,22899,103157,0,22860,18581,0,0,43,30.00,16.50,18.00,97.2,idle_spawn
124,4.084,32.393,30.9,22862,102974,0,22823,18555,0,0,43,30.00,16.50,18.00,98.0,idle_spawn
125,4.116,32.572,30.7,22818,102756,0,22779,18522,0,0,43,30.00,16.50,18.00,98.8,idle_spawn
126,4.149,31.525,31.7,22768,102517,0,22729,18483,0,0,43,30.00,16.50,18.00,99.6,idle_spawn
127,4.180,37.257,26.8,22735,102355,0,22696,18459,0,0,43,30.00,16.50,18.00,100.3,idle_spawn
128,4.218,32.109,31.1,22688,102125,0,22649,18420,0,0,43,30.00,16.50,18.00,101.2,idle_spawn
129,4.250,31.975,31.3,22642,101914,0,22603,18384,0,0,43,30.00,16.50,18.00,102.0,idle_spawn
130,4.282,31.352,31.9,22597,101720,0,22558,18358,0,0,43,30.00,16.50,18.00,102.8,idle_spawn
131,4.313,33.887,29.5,22556,101521,0,22517,18329,0,0,43,30.00,16.50,18.00,103.5,idle_spawn
132,4.347,33.730,29.6,22505,101271,0,22466,18292,0,0,43,30.00,16.50,18.00,104.3,idle_spawn
133,4.381,39.470,25.3,22466,101074,0,22427,18263,0,0,43,30.00,16.50,18.00,105.1,idle_spawn
134,4.420,38.558,25.9,22425,100887,0,22386,18237,0,0,43,30.00,16.50,18.00,106.1,idle_spawn
135,4.459,50.651,19.7,22415,100857,0,22376,18238,0,0,43,30.00,16.50,18.00,107.0,idle_spawn
136,4.509,39.672,25.2,22396,100769,0,22357,18232,0,0,43,30.00,16.50,18.00,108.2,idle_spawn
137,4.549,42.993,23.3,22400,100794,0,22361,18241,0,0,43,30.00,16.50,18.00,109.2,idle_spawn
138,4.592,39.210,25.5,22408,100838,0,22369,18256,0,0,43,30.00,16.50,18.00,110.2,idle_spawn
139,4.631,44.824,22.3,22417,100873,0,22378,18270,0,0,43,30.00,16.50,18.00,111.2,idle_spawn
140,4.676,44.767,22.3,22456,101070,0,22417,18317,0,0,43,30.00,16.50,18.00,112.2,idle_spawn
141,4.721,44.536,22.5,22475,101160,0,22436,18334,0,0,43,30.00,16.50,18.00,113.3,idle_spawn
142,4.766,44.880,22.3,22563,101622,0,22524,18433,0,0,43,30.00,16.50,18.00,114.4,idle_spawn
143,4.810,51.210,19.5,22662,102129,0,22623,18539,0,0,43,30.00,16.50,18.00,115.5,idle_spawn
144,4.862,44.530,22.5,22770,102677,0,22731,18653,0,0,43,30.00,16.50,18.00,116.7,idle_spawn
145,4.906,44.401,22.5,22878,103230,0,22839,18757,0,0,43,30.00,16.50,18.00,117.7,idle_spawn
146,4.951,40.549,24.7,22974,103723,0,22935,18855,0,0,43,30.00,16.50,18.00,118.8,idle_spawn
147,4.991,41.459,24.1,23064,104167,0,23025,18934,0,0,43,30.00,16.50,18.00,119.8,idle_spawn
148,5.033,38.195,26.2,23131,104499,0,23092,19004,0,0,43,30.00,16.50,18.00,120.8,idle_spawn
149,5.071,32.867,30.4,23189,104791,0,23150,19064,0,0,43,30.00,16.50,18.00,121.7,idle_spawn
150,5.104,34.411,29.1,23224,104970,0,23185,19103,0,0,43,30.00,16.50,18.00,122.5,idle_spawn
151,5.138,34.551,28.9,23254,105123,0,23215,19136,0,0,43,30.00,16.50,18.00,123.3,idle_spawn
152,5.173,34.528,29.0,23271,105205,0,23232,19151,0,0,43,30.00,16.50,18.00,124.1,idle_spawn
153,5.207,34.817,28.7,23277,105234,0,23238,19158,0,0,43,30.00,16.50,18.00,125.0,idle_spawn
154,5.242,44.933,22.3,23297,105331,0,23258,19176,0,0,43,30.00,16.50,18.00,125.8,idle_spawn
155,5.287,41.358,24.2,23298,105334,0,23259,19177,0,0,43,30.00,16.50,18.00,126.9,idle_spawn
156,5.328,36.731,27.2,23314,105423,0,23275,19202,0,0,43,30.00,16.50,18.00,127.9,idle_spawn
157,5.365,32.113,31.1,23325,105486,0,23286,19218,0,0,43,30.00,16.50,18.00,128.8,idle_spawn
158,5.397,32.134,31.1,23331,105511,0,23292,19225,0,0,43,30.00,16.50,18.00,129.5,idle_spawn
159,5.429,32.598,30.7,23356,105615,0,23317,19244,0,0,43,30.00,16.50,18.00,130.3,idle_spawn
160,5.462,42.047,23.8,23362,105642,0,23323,19250,0,0,43,30.00,16.50,18.00,131.1,idle_spawn
161,5.504,35.067,28.5,23403,105851,0,23364,19290,0,0,43,30.00,16.50,18.00,132.1,idle_spawn
162,5.539,33.232,30.1,23423,105952,0,23384,19308,0,0,43,30.00,16.50,18.00,132.9,idle_spawn
163,5.572,33.003,30.3,23463,106156,0,23424,19346,0,0,43,30.00,16.50,18.00,133.7,idle_spawn
164,5.605,33.141,30.2,23511,106404,0,23472,19393,0,0,43,30.00,16.50,18.00,134.5,idle_spawn
165,5.638,33.141,30.2,23592,106811,0,23553,19473,0,0,43,30.00,16.50,18.00,135.3,idle_spawn
166,5.672,39.371,25.4,23725,107487,0,23686,19605,0,0,43,30.00,16.50,18.00,136.1,idle_spawn
167,5.711,32.933,30.4,23839,108046,0,23800,19715,0,0,43,30.00,16.50,18.00,137.1,idle_spawn
168,5.744,35.858,27.9,23951,108596,0,23912,19824,0,0,43,30.00,16.50,18.00,137.9,idle_spawn
169,5.780,35.161,28.4,24060,109133,0,24021,19931,0,0,43,30.00,16.50,18.00,138.7,idle_spawn
170,5.815,37.942,26.4,24160,109623,0,24121,20028,0,0,43,30.00,16.50,18.00,139.6,idle_spawn
171,5.853,37.080,27.0,24270,110165,0,24231,20136,0,0,43,30.00,16.50,18.00,140.5,idle_spawn
172,5.890,40.864,24.5,24371,110662,0,24332,20235,0,0,43,30.00,16.50,18.00,141.4,idle_spawn
173,5.931,35.166,28.4,24500,111302,0,24461,20362,0,0,43,30.00,16.50,18.00,142.3,idle_spawn
174,5.966,34.260,29.2,24599,111801,0,24560,20461,0,0,43,30.00,16.50,18.00,143.2,idle_spawn
175,6.000,34.448,29.0,24674,112160,0,24635,20535,0,0,43,30.00,16.50,18.00,144.0,spin_360
176,6.035,36.472,27.4,24754,112549,0,24715,20611,0,0,43,30.00,16.50,18.00,144.8,spin_360
177,6.071,36.878,27.1,24859,113067,0,24820,20715,0,0,43,30.00,16.50,18.00,145.7,spin_360
178,6.108,44.771,22.3,25000,113772,0,24961,20856,0,0,43,30.00,16.50,18.00,146.6,spin_360
179,6.153,38.282,26.1,25188,114697,0,25149,21039,0,0,43,30.00,16.50,18.00,147.7,spin_360
180,6.191,38.745,25.8,25316,115343,0,25277,21170,0,0,43,30.00,16.50,18.00,148.6,spin_360
181,6.230,41.369,24.2,25447,115985,0,25408,21297,0,0,43,30.00,16.50,18.00,149.5,spin_360
182,6.271,38.916,25.7,25601,116742,0,25562,21439,0,0,43,30.00,16.50,18.00,150.5,spin_360
183,6.310,45.596,21.9,25717,117337,0,25678,21552,0,0,43,30.00,16.50,18.00,151.4,spin_360
184,6.356,42.016,23.8,25869,118102,0,25830,21698,0,0,43,30.00,16.50,18.00,152.5,spin_360
185,6.398,40.216,24.9,26013,118826,0,25974,21832,0,0,43,30.00,16.50,18.00,153.6,spin_360
186,6.438,41.758,23.9,26157,119574,0,26118,21974,0,0,43,30.00,16.50,18.00,154.5,spin_360
187,6.480,42.462,23.6,26322,120408,0,26283,22134,0,0,43,30.00,16.50,18.00,155.5,spin_360
188,6.522,54.494,18.4,26453,121058,0,26414,22263,0,0,43,30.00,16.50,18.00,156.5,spin_360
189,6.577,43.063,23.2,26634,121966,0,26595,22441,0,0,43,30.00,16.50,18.00,157.8,spin_360
190,6.620,40.726,24.6,26756,122549,0,26717,22552,0,0,43,30.00,16.50,18.00,158.9,spin_360
191,6.661,40.558,24.7,26843,122982,0,26804,22637,0,0,43,30.00,16.50,18.00,159.9,spin_360
192,6.701,40.603,24.6,26936,123439,0,26897,22728,0,0,43,30.00,16.50,18.00,160.8,spin_360
193,6.742,49.565,20.2,27023,123875,0,26984,22813,0,0,43,30.00,16.50,18.00,161.8,spin_360
194,6.791,50.727,19.7,27128,124392,0,27089,22914,0,0,43,30.00,16.50,18.00,163.0,spin_360
195,6.842,42.454,23.6,27245,124983,0,27206,23034,0,0,43,30.00,16.50,18.00,164.2,spin_360
196,6.885,48.087,20.8,27329,125434,0,27290,23126,0,0,43,30.00,16.50,18.00,165.2,spin_360
197,6.933,41.440,24.1,27454,126046,0,27415,23250,0,0,43,30.00,16.50,18.00,166.4,spin_360
198,6.974,57.901,17.3,27552,126530,0,27513,23348,0,0,43,30.00,16.50,18.00,167.4,spin_360
199,7.032,44.738,22.4,27702,127247,0,27663,23492,0,0,43,30.00,16.50,18.00,168.8,spin_360
200,7.077,54.771,18.3,27800,127728,0,27761,23590,0,0,43,30.00,16.50,18.00,169.8,spin_360
201,7.132,43.713,22.9,27889,128191,0,27850,23685,0,0,43,30.00,16.50,18.00,171.2,spin_360
202,7.175,46.980,21.3,27953,128511,0,27914,23749,0,0,43,30.00,16.50,18.00,172.2,spin_360
203,7.222,43.588,22.9,27978,128642,0,27939,23774,0,0,43,30.00,16.50,18.00,173.3,spin_360
204,7.266,41.601,24.0,28071,129116,0,28032,23867,0,0,43,30.00,16.50,18.00,174.4,spin_360
205,7.308,41.679,24.0,28136,129444,0,28097,23932,0,0,43,30.00,16.50,18.00,175.4,spin_360
206,7.349,43.324,23.1,28184,129678,0,28145,23980,0,0,43,30.00,16.50,18.00,176.4,spin_360
207,7.393,48.751,20.5,28238,129951,0,28199,24034,0,0,43,30.00,16.50,18.00,177.4,spin_360
208,7.441,42.762,23.4,28296,130273,0,28257,24091,0,0,43,30.00,16.50,18.00,178.6,spin_360
209,7.484,42.498,23.5,28347,130537,0,28308,24136,0,0,43,30.00,16.50,18.00,179.6,spin_360
210,7.527,46.726,21.4,28380,130705,0,28341,24160,0,0,43,30.00,16.50,18.00,180.6,spin_360
211,7.573,46.358,21.6,28418,130893,0,28379,24190,0,0,43,30.00,16.50,18.00,181.8,spin_360
212,7.620,48.302,20.7,28447,131016,0,28408,24208,0,0,43,30.00,16.50,18.00,182.9,spin_360
213,7.668,43.706,22.9,28465,131091,0,28426,24214,0,0,43,30.00,16.50,18.00,184.0,spin_360
214,7.712,41.867,23.9,28470,131113,0,28431,24213,0,0,43,30.00,16.50,18.00,185.1,spin_360
215,7.754,43.155,23.2,28513,131337,0,28474,24253,0,0,43,30.00,16.50,18.00,186.1,spin_360
216,7.797,43.492,23.0,28493,131219,0,28454,24227,0,0,43,30.00,16.50,18.00,187.1,spin_360
217,7.840,49.446,20.2,28510,131266,0,28471,24230,0,0,43,30.00,16.50,18.00,188.2,spin_360
218,7.890,45.708,21.9,28502,131223,0,28463,24216,0,0,43,30.00,16.50,18.00,189.4,spin_360
219,7.935,42.475,23.5,28525,131323,0,28486,24218,0,0,43,30.00,16.50,18.00,190.5,spin_360
220,7.978,42.620,23.5,28552,131443,0,28513,24215,0,0,43,30.00,16.50,18.00,191.5,spin_360
221,8.021,45.993,21.7,28590,131599,0,28551,24210,0,0,43,30.00,16.50,18.00,192.5,spin_360
222,8.067,48.906,20.4,28624,131732,0,28585,24189,0,0,43,30.00,16.50,18.00,193.6,spin_360
223,8.115,44.216,22.6,28655,131827,0,28616,24175,0,0,43,30.00,16.50,18.00,194.8,spin_360
224,8.160,43.116,23.2,28688,131953,0,28649,24159,0,0,43,30.00,16.50,18.00,195.8,spin_360
225,8.203,43.000,23.3,28736,132119,0,28697,24148,0,0,43,30.00,16.50,18.00,196.9,spin_360
226,8.246,45.031,22.2,28757,132160,0,28718,24119,0,0,43,30.00,16.50,18.00,197.9,spin_360
227,8.291,49.167,20.3,28798,132302,0,28759,24103,0,0,43,30.00,16.50,18.00,199.0,spin_360
228,8.340,51.085,19.6,28845,132487,0,28806,24100,0,0,43,30.00,16.50,18.00,200.2,spin_360
229,8.391,50.877,19.7,28865,132572,0,28826,24098,0,0,43,30.00,16.50,18.00,201.4,spin_360
230,8.442,43.510,23.0,28904,132737,0,28865,24113,0,0,43,30.00,16.50,18.00,202.6,spin_360
231,8.486,43.834,22.8,28938,132890,0,28899,24130,0,0,43,30.00,16.50,18.00,203.7,spin_360
232,8.529,49.945,20.0,29004,133197,0,28965,24165,0,0,43,30.00,16.50,18.00,204.7,spin_360
233,8.579,46.248,21.6,29058,133463,0,29019,24194,0,0,43,30.00,16.50,18.00,205.9,spin_360
234,8.626,43.933,22.8,29125,133799,0,29086,24244,0,0,43,30.00,16.50,18.00,207.0,spin_360
235,8.670,43.050,23.2,29193,134128,0,29154,24290,0,0,43,30.00,16.50,18.00,208.1,spin_360
236,8.713,46.436,21.5,29252,134437,0,29213,24330,0,0,43,30.00,16.50,18.00,209.1,spin_360
237,8.759,50.226,19.9,29335,134863,0,29296,24394,0,0,43,30.00,16.50,18.00,210.2,spin_360
238,8.809,47.632,21.0,29423,135302,0,29384,24456,0,0,43,30.00,16.50,18.00,211.4,spin_360
239,8.857,45.101,22.2,29500,135675,0,29461,24500,0,0,43,30.00,16.50,18.00,212.6,spin_360
240,8.902,52.144,19.2,29565,135971,0,29526,24539,0,0,43,30.00,16.50,18.00,213.6,spin_360
241,8.954,56.929,17.6,29655,136394,0,29616,24586,0,0,43,30.00,16.50,18.00,214.9,spin_360
242,9.011,56.567,17.7,29726,136731,0,29687,24624,0,0,43,30.00,16.50,18.00,216.3,spin_360
243,9.068,45.554,22.0,29799,137073,0,29760,24655,0,0,43,30.00,16.50,18.00,217.6,spin_360
244,9.113,45.050,22.2,29869,137416,0,29830,24697,0,0,43,30.00,16.50,18.00,218.7,spin_360
245,9.158,45.159,22.1,29912,137598,0,29873,24704,0,0,43,30.00,16.50,18.00,219.8,spin_360
246,9.203,45.408,22.0,29960,137834,0,29921,24715,0,0,43,30.00,16.50,18.00,220.9,spin_360
247,9.249,53.066,18.8,30031,138169,0,29992,24725,0,0,43,30.00,16.50,18.00,222.0,spin_360
248,9.302,44.838,22.3,30058,138301,0,30019,24702,0,0,43,30.00,16.50,18.00,223.2,spin_360
249,9.347,46.645,21.4,30051,138271,0,30012,24656,0,0,43,30.00,16.50,18.00,224.3,spin_360
250,9.393,46.037,21.7,30030,138171,0,29991,24598,0,0,43,30.00,16.50,18.00,225.4,spin_360
251,9.440,48.790,20.5,29950,137796,0,29911,24483,0,0,43,30.00,16.50,18.00,226.5,spin_360
252,9.488,55.598,18.0,29861,137437,0,29822,24358,0,0,43,30.00,16.50,18.00,227.7,spin_360
253,9.544,45.350,22.1,29750,136957,0,29711,24212,0,0,43,30.00,16.50,18.00,229.1,spin_360
254,9.589,43.772,22.8,29590,136237,0,29551,24033,0,0,43,30.00,16.50,18.00,230.1,spin_360
255,9.633,45.122,22.2,29607,136401,0,29568,24017,0,0,43,30.00,16.50,18.00,231.2,spin_360
256,9.678,44.890,22.3,29640,136639,0,29601,24016,0,0,43,30.00,16.50,18.00,232.3,spin_360
257,9.723,53.028,18.9,29735,137279,0,29696,24070,0,0,43,30.00,16.50,18.00,233.4,spin_360
258,9.776,50.579,19.8,29816,137768,0,29777,24103,0,0,43,30.00,16.50,18.00,234.6,spin_360
259,9.827,50.203,19.9,29905,138306,0,29866,24159,0,0,43,30.00,16.50,18.00,235.8,spin_360
260,9.877,53.700,18.6,29971,138741,0,29932,24200,0,0,43,30.00,16.50,18.00,237.0,spin_360
261,9.931,59.031,16.9,30068,139427,0,30029,24273,0,0,43,30.00,16.50,18.00,238.3,spin_360
262,9.990,54.971,18.2,30167,140014,0,30128,24333,0,0,43,30.00,16.50,18.00,239.8,spin_360
263,10.045,57.746,17.3,30257,140560,0,30218,24390,0,0,43,30.00,16.50,18.00,241.1,spin_360
264,10.102,61.709,16.2,30327,141033,0,30288,24433,0,0,43,30.00,16.50,18.00,242.5,spin_360
265,10.164,73.749,13.6,30367,141471,0,30328,24443,0,0,43,30.00,16.50,18.00,243.9,spin_360
266,10.238,66.119,15.1,30287,141240,0,30248,24349,0,0,43,30.00,16.50,18.00,245.7,spin_360
267,10.304,67.220,14.9,30228,141105,0,30189,24284,0,0,43,30.00,16.50,18.00,247.3,spin_360
268,10.371,80.709,12.4,30173,141122,0,30134,24214,0,0,43,30.00,16.50,18.00,248.9,spin_360
269,10.452,78.638,12.7,30115,141026,0,30076,24138,0,0,43,30.00,16.50,18.00,250.8,spin_360
270,10.531,79.580,12.6,30044,140871,0,30005,24039,0,0,43,30.00,16.50,18.00,252.7,spin_360
271,10.610,85.700,11.7,29969,140823,0,29930,23947,0,0,43,30.00,16.50,18.00,254.6,spin_360
272,10.696,76.689,13.0,29871,140499,0,29832,23806,0,0,43,30.00,16.50,18.00,256.7,spin_360
273,10.773,93.428,10.7,29812,140402,0,29773,23730,0,0,43,30.00,16.50,18.00,258.5,spin_360
274,10.866,80.922,12.4,29736,140394,0,29697,23639,0,0,43,30.00,16.50,18.00,260.8,spin_360
275,10.947,77.319,12.9,29677,140232,0,29638,23550,0,0,43,30.00,16.50,18.00,262.7,spin_360
276,11.024,71.447,14.0,29630,140138,0,29591,23479,0,0,43,30.00,16.50,18.00,264.6,spin_360
277,11.096,81.599,12.3,29505,139809,0,29466,23352,0,0,43,30.00,16.50,18.00,266.3,spin_360
278,11.177,71.147,14.1,29348,139180,0,29309,23196,0,0,43,30.00,16.50,18.00,268.3,spin_360
279,11.249,81.408,12.3,29204,138573,0,29165,23054,0,0,43,30.00,16.50,18.00,270.0,spin_360
280,11.330,99.329,10.1,29095,138353,0,29056,22942,0,0,43,30.00,16.50,18.00,271.9,spin_360
281,11.429,72.262,13.8,28920,137615,0,28881,22769,0,0,43,30.00,16.50,18.00,274.3,spin_360
282,11.502,79.122,12.6,28738,136725,0,28699,22589,0,0,43,30.00,16.50,18.00,276.0,spin_360
283,11.581,82.291,12.2,28510,135821,0,28471,22365,0,0,43,30.00,16.50,18.00,277.9,spin_360
284,11.663,69.579,14.4,28306,134778,0,28267,22150,0,0,43,30.00,16.50,18.00,279.9,spin_360
285,11.733,78.024,12.8,28133,133916,0,28094,21971,0,0,43,30.00,16.50,18.00,281.6,spin_360
286,11.811,80.543,12.4,27923,133108,0,27884,21757,0,0,43,30.00,16.50,18.00,283.5,spin_360
287,11.891,79.246,12.6,27665,131815,0,27626,21493,0,0,43,30.00,16.50,18.00,285.4,spin_360
288,11.971,68.060,14.7,27423,130620,0,27384,21248,0,0,43,30.00,16.50,18.00,287.3,spin_360
289,12.039,75.770,13.2,27218,129790,0,27179,21040,0,0,43,30.00,16.50,18.00,288.9,spin_360
290,12.114,66.226,15.1,26985,128613,0,26946,20819,0,0,43,30.00,16.50,18.00,290.7,spin_360
291,12.181,70.346,14.2,26778,127572,0,26739,20620,0,0,43,30.00,16.50,18.00,292.3,spin_360
292,12.251,79.203,12.6,26548,126603,0,26509,20396,0,0,43,30.00,16.50,18.00,294.0,spin_360
293,12.330,63.263,15.8,26319,125446,0,26280,20173,0,0,43,30.00,16.50,18.00,295.9,spin_360
294,12.393,71.470,14.0,26108,124390,0,26069,19970,0,0,43,30.00,16.50,18.00,297.4,spin_360
295,12.465,73.268,13.6,25881,123490,0,25842,19756,0,0,43,30.00,16.50,18.00,299.2,spin_360
296,12.538,61.730,16.2,25638,122302,0,25599,19537,0,0,43,30.00,16.50,18.00,300.9,spin_360
297,12.600,60.425,16.5,25427,121290,0,25388,19363,0,0,43,30.00,16.50,18.00,302.4,spin_360
298,12.660,59.940,16.7,25207,120236,0,25168,19198,0,0,43,30.00,16.50,18.00,303.8,spin_360
299,12.720,72.380,13.8,24965,119328,0,24926,19033,0,0,43,30.00,16.50,18.00,305.3,spin_360
300,12.793,60.981,16.4,24709,118103,0,24670,18850,0,0,43,30.00,16.50,18.00,307.0,spin_360
301,12.854,59.693,16.8,24484,117052,0,24445,18690,0,0,43,30.00,16.50,18.00,308.5,spin_360
302,12.913,58.151,17.2,24258,116000,0,24219,18539,0,0,43,30.00,16.50,18.00,309.9,spin_360
303,12.972,68.367,14.6,24053,115267,0,24014,18392,0,0,43,30.00,16.50,18.00,311.3,spin_360
304,13.040,60.048,16.7,23849,114262,0,23810,18215,0,0,43,30.00,16.50,18.00,313.0,spin_360
305,13.100,57.514,17.4,23684,113423,0,23645,18071,0,0,43,30.00,16.50,18.00,314.4,spin_360
306,13.158,58.822,17.0,23497,112496,0,23458,17920,0,0,43,30.00,16.50,18.00,315.8,spin_360
307,13.216,67.777,14.8,23331,111889,0,23292,17788,0,0,43,30.00,16.50,18.00,317.2,spin_360
308,13.284,88.626,11.3,23163,110974,0,23124,17638,0,0,43,30.00,16.50,18.00,318.8,spin_360
309,13.373,69.206,14.4,22913,109630,0,22874,17431,0,0,43,30.00,16.50,18.00,320.9,spin_360
310,13.442,68.420,14.6,22689,108626,0,22650,17255,0,0,43,30.00,16.50,18.00,322.6,spin_360
311,13.510,62.122,16.1,22488,107518,0,22449,17092,0,0,43,30.00,16.50,18.00,324.3,spin_360
312,13.573,54.765,18.3,22291,106421,0,22252,16939,0,0,43,30.00,16.50,18.00,325.7,spin_360
313,13.627,57.103,17.5,22122,105511,0,22083,16818,0,0,43,30.00,16.50,18.00,327.1,spin_360
314,13.684,64.017,15.6,21972,104785,0,21933,16715,0,0,43,30.00,16.50,18.00,328.4,spin_360
315,13.749,58.247,17.2,21834,103968,0,21795,16626,0,0,43,30.00,16.50,18.00,330.0,spin_360
316,13.807,52.588,19.0,21643,102889,0,21604,16473,0,0,43,30.00,16.50,18.00,331.4,spin_360
317,13.859,52.105,19.2,21523,102178,0,21484,16389,0,0,43,30.00,16.50,18.00,332.6,spin_360
318,13.911,59.872,16.7,21401,101571,0,21362,16298,0,0,43,30.00,16.50,18.00,333.9,spin_360
319,13.971,50.455,19.8,21257,100738,0,21218,16203,0,0,43,30.00,16.50,18.00,335.3,spin_360
320,14.022,51.260,19.5,21128,99999,0,21089,16129,0,0,43,30.00,16.50,18.00,336.5,walk_forward
321,14.073,52.564,19.0,21023,99374,0,20984,16071,0,0,43,30.00,16.50,18.00,337.8,walk_forward
322,14.126,56.677,17.6,20932,98929,0,20893,16028,0,0,43,30.00,16.50,18.00,339.0,walk_forward
323,14.182,47.264,21.2,20867,98507,0,20828,16014,0,0,43,30.00,16.50,18.00,340.4,walk_forward
324,14.230,46.764,21.4,20825,98198,0,20786,16016,0,0,43,30.00,16.50,18.00,341.5,walk_forward
325,14.276,48.265,20.7,20762,97767,0,20723,15994,0,0,43,30.00,16.50,18.00,342.6,walk_forward
326,14.325,47.666,21.0,20727,97514,0,20688,16006,0,0,43,30.00,16.50,18.00,343.8,walk_forward
327,14.372,56.848,17.6,20717,97485,0,20678,16038,0,0,43,30.00,16.50,18.00,344.9,walk_forward
328,14.429,47.123,21.2,20686,97205,0,20647,16045,0,0,43,30.00,16.50,18.00,346.3,walk_forward
329,14.476,46.579,21.5,20672,97038,0,20633,16060,0,0,43,30.00,16.50,18.00,347.4,walk_forward
330,14.523,56.816,17.6,20665,96887,0,20626,16081,0,0,43,30.00,16.50,18.00,348.6,walk_forward
331,14.580,59.953,16.7,20647,96766,0,20608,16100,0,0,43,30.00,16.50,18.00,349.9,walk_forward
332,14.640,53.398,18.7,20647,96605,0,20608,16124,0,0,43,30.00,16.50,18.00,351.4,walk_forward
333,14.693,45.982,21.7,20645,96461,0,20606,16149,0,0,43,30.00,16.50,18.00,352.6,walk_forward
334,14.739,55.276,18.1,20688,96528,0,20649,16197,0,0,43,30.00,16.50,18.00,353.7,walk_forward
335,14.794,54.876,18.2,20649,96320,0,20610,16180,0,0,43,30.00,16.50,18.00,355.1,walk_forward
336,14.849,44.364,22.5,20643,96148,0,20604,16176,0,0,43,30.00,16.50,18.00,356.4,walk_forward
337,14.894,43.763,22.9,20629,95945,0,20590,16161,0,0,43,30.00,16.50,18.00,357.4,walk_forward
338,14.937,43.851,22.8,20611,95719,0,20572,16148,0,0,43,30.00,16.50,18.00,358.5,walk_forward
339,14.981,44.095,22.7,20586,95447,0,20547,16132,0,0,43,30.00,16.50,18.00,359.6,walk_forward
340,15.025,54.219,18.4,20566,95321,0,20527,16119,0,0,43,30.00,16.50,18.00,360.6,walk_forward
341,15.080,45.401,22.0,20537,95037,0,20498,16116,0,0,43,30.00,16.50,18.00,361.9,walk_forward
342,15.125,43.136,23.2,20495,94708,0,20456,16093,0,0,43,30.00,16.50,18.00,363.0,walk_forward
343,15.168,43.467,23.0,20478,94475,0,20439,16078,0,0,43,30.00,16.50,18.00,364.0,walk_forward
344,15.212,43.706,22.9,20435,94124,0,20396,16040,0,0,43,30.00,16.50,18.00,365.1,walk_forward
345,15.255,55.682,18.0,20421,94033,0,20382,16047,0,0,43,30.00,16.50,18.00,366.1,walk_forward
346,15.311,50.938,19.6,20331,93451,0,20292,15984,0,0,43,30.00,16.50,18.00,367.5,walk_forward
347,15.362,44.681,22.4,20247,92881,0,20208,15918,0,0,43,30.00,16.50,18.00,368.7,walk_forward
348,15.407,42.932,23.3,20197,92467,0,20158,15869,0,0,43,30.00,16.50,18.00,369.8,walk_forward
349,15.450,42.665,23.4,20134,92021,0,20095,15816,0,0,43,30.00,16.50,18.00,370.8,walk_forward
350,15.492,49.865,20.1,20054,91573,0,20015,15748,0,0,43,30.00,16.50,18.00,371.8,walk_forward
351,15.542,40.997,24.4,19962,90951,0,19923,15668,0,0,43,30.00,16.50,18.00,373.0,walk_forward
352,15.583,40.836,24.5,19903,90524,0,19864,15615,0,0,43,30.00,16.50,18.00,374.0,walk_forward
353,15.624,41.725,24.0,19845,90115,0,19806,15558,0,0,43,30.00,16.50,18.00,375.0,walk_forward
354,15.666,44.788,22.3,19784,89689,0,19745,15493,0,0,43,30.00,16.50,18.00,376.0,walk_forward
355,15.711,59.311,16.9,19749,89483,0,19710,15452,0,0,43,30.00,16.50,18.00,377.1,walk_forward
356,15.770,50.678,19.7,19699,89049,0,19660,15395,0,0,43,30.00,16.50,18.00,378.5,walk_forward
357,15.821,50.886,19.7,19668,88747,0,19629,15358,0,0,43,30.00,16.50,18.00,379.7,walk_forward
358,15.872,47.846,20.9,19642,88477,0,19603,15327,0,0,43,30.00,16.50,18.00,380.9,walk_forward
359,15.919,47.064,21.2,19623,88341,0,19584,15303,0,0,43,30.00,16.50,18.00,382.1,walk_forward
360,15.966,42.411,23.6,19607,88125,0,19568,15280,0,0,43,30.00,16.50,18.00,383.2,walk_forward
361,16.009,38.362,26.1,19593,87966,0,19554,15264,0,0,43,30.00,16.50,18.00,384.2,walk_forward
362,16.047,40.043,25.0,19584,87829,0,19545,15250,0,0,43,30.00,16.50,18.00,385.1,walk_forward
363,16.087,39.795,25.1,19574,87705,0,19535,15241,0,0,43,30.00,16.50,18.00,386.1,walk_forward
364,16.127,46.665,21.4,19561,87641,0,19522,15226,0,0,43,30.00,16.50,18.00,387.1,walk_forward
365,16.174,38.944,25.7,19574,87592,0,19535,15227,0,0,43,30.00,16.50,18.00,388.2,walk_forward
366,16.213,37.904,26.4,19572,87506,0,19533,15221,0,0,43,30.00,16.50,18.00,389.1,walk_forward
367,16.251,38.417,26.0,19616,87631,0,19577,15257,0,0,43,30.00,16.50,18.00,390.0,walk_forward
368,16.289,39.516,25.3,19581,87381,0,19542,15222,0,0,43,30.00,16.50,18.00,390.9,walk_forward
369,16.329,51.409,19.5,19604,87507,0,19565,15235,0,0,43,30.00,16.50,18.00,391.9,walk_forward
370,16.380,38.954,25.7,19619,87480,0,19580,15247,0,0,43,30.00,16.50,18.00,393.1,walk_forward
371,16.419,38.703,25.8,19630,87455,0,19591,15256,0,0,43,30.00,16.50,18.00,394.1,walk_forward
372,16.458,38.880,25.7,19658,87527,0,19619,15282,0,0,43,30.00,16.50,18.00,395.0,walk_forward
373,16.497,48.298,20.7,19681,87570,0,19642,15302,0,0,43,30.00,16.50,18.00,395.9,walk_forward
374,16.545,59.403,16.8,19708,87707,0,19669,15325,0,0,43,30.00,16.50,18.00,397.1,walk_forward
375,16.604,39.601,25.3,19743,87792,0,19704,15363,0,0,43,30.00,16.50,18.00,398.5,walk_forward
376,16.644,77.324,12.9,19767,87864,0,19728,15390,0,0,43,30.00,16.50,18.00,399.5,walk_forward
377,16.721,49.672,20.1,19807,87929,0,19768,15427,0,0,43,30.00,16.50,18.00,401.3,walk_forward
378,16.771,49.945,20.0,19847,88149,0,19808,15472,0,0,43,30.00,16.50,18.00,402.5,walk_forward
379,16.821,39.526,25.3,19879,88233,0,19840,15503,0,0,43,30.00,16.50,18.00,403.7,walk_forward
380,16.860,40.029,25.0,19914,88359,0,19875,15537,0,0,43,30.00,16.50,18.00,404.7,walk_forward
381,16.901,39.931,25.0,19951,88507,0,19912,15573,0,0,43,30.00,16.50,18.00,405.6,walk_forward
382,16.940,39.796,25.1,19990,88632,0,19951,15605,0,0,43,30.00,16.50,18.00,406.6,walk_forward
383,16.980,60.407,16.6,20021,88805,0,19982,15636,0,0,43,30.00,16.50,18.00,407.5,walk_forward
384,17.041,49.845,20.1,20090,89096,0,20051,15702,0,0,43,30.00,16.50,18.00,409.0,walk_forward
385,17.091,39.575,25.3,20131,89253,0,20092,15743,0,0,43,30.00,16.50,18.00,410.2,walk_forward
386,17.130,38.653,25.9,20164,89394,0,20125,15776,0,0,43,30.00,16.50,18.00,411.1,walk_forward
387,17.169,37.878,26.4,20212,89624,0,20173,15823,0,0,43,30.00,16.50,18.00,412.1,walk_forward
388,17.207,46.601,21.5,20256,89846,0,20217,15866,0,0,43,30.00,16.50,18.00,413.0,walk_forward
389,17.253,39.167,25.5,20290,89983,0,20251,15900,0,0,43,30.00,16.50,18.00,414.1,walk_forward
390,17.292,45.006,22.2,20347,90241,0,20308,15957,0,0,43,30.00,16.50,18.00,415.0,walk_forward
391,17.337,40.729,24.6,20410,90532,0,20371,16020,0,0,43,30.00,16.50,18.00,416.1,walk_forward
392,17.378,39.034,25.6,20461,90771,0,20422,16070,0,0,43,30.00,16.50,18.00,417.1,walk_forward
393,17.417,48.632,20.6,20516,91040,0,20477,16125,0,0,43,30.00,16.50,18.00,418.0,walk_forward
394,17.466,39.165,25.5,20587,91401,0,20548,16196,0,0,43,30.00,16.50,18.00,419.2,walk_forward
395,17.505,45.346,22.1,20660,91758,0,20621,16267,0,0,43,30.00,16.50,18.00,420.1,walk_forward
396,17.550,46.969,21.3,20715,92034,0,20676,16323,0,0,43,30.00,16.50,18.00,421.2,walk_forward
397,17.597,39.757,25.2,20803,92471,0,20764,16411,0,0,43,30.00,16.50,18.00,422.3,walk_forward
398,17.637,54.475,18.4,20867,92791,0,20828,16475,0,0,43,30.00,16.50,18.00,423.3,walk_forward
399,17.692,52.236,19.1,20953,93236,0,20914,16561,0,0,43,30.00,16.50,18.00,424.6,walk_forward
400,17.744,51.418,19.4,21016,93560,0,20977,16624,0,0,43,30.00,16.50,18.00,425.9,walk_forward
401,17.795,45.410,22.0,21126,94112,0,21087,16733,0,0,43,30.00,16.50,18.00,427.1,walk_forward
402,17.841,62.198,16.1,21201,94496,0,21162,16808,0,0,43,30.00,16.50,18.00,428.2,walk_forward
403,17.903,48.673,20.5,21310,95053,0,21271,16917,0,0,43,30.00,16.50,18.00,429.7,walk_forward
404,17.952,50.983,19.6,21396,95482,0,21357,17005,0,0,43,30.00,16.50,18.00,430.8,walk_forward
405,18.003,50.096,20.0,21513,96074,0,21474,17123,0,0,43,30.00,16.50,18.00,432.1,walk_forward
406,18.053,59.266,16.9,21617,96618,0,21578,17227,0,0,43,30.00,16.50,18.00,433.3,walk_forward
407,18.112,42.549,23.5,21760,97382,0,21721,17365,0,0,43,30.00,16.50,18.00,434.7,walk_forward
408,18.155,42.165,23.7,21861,97962,0,21822,17469,0,0,43,30.00,16.50,18.00,435.7,walk_forward
409,18.197,43.229,23.1,21963,98550,0,21924,17571,0,0,43,30.00,16.50,18.00,436.7,walk_forward
410,18.240,44.891,22.3,22062,99133,0,22023,17671,0,0,43,30.00,16.50,18.00,437.8,walk_forward
411,18.285,51.748,19.3,22163,99784,0,22124,17774,0,0,43,30.00,16.50,18.00,438.8,walk_forward
412,18.337,53.158,18.8,22279,100470,0,22240,17891,0,0,43,30.00,16.50,18.00,440.1,walk_forward
413,18.390,50.468,19.8,22396,101162,0,22357,18010,0,0,43,30.00,16.50,18.00,441.4,walk_forward
414,18.440,49.352,20.3,22509,101815,0,22470,18121,0,0,43,30.00,16.50,18.00,442.6,walk_forward
415,18.490,52.045,19.2,22599,102436,0,22560,18214,0,0,43,30.00,16.50,18.00,443.8,walk_forward
416,18.542,45.807,21.8,22716,103132,0,22677,18334,0,0,43,30.00,16.50,18.00,445.0,walk_forward
417,18.588,43.879,22.8,22790,103562,0,22751,18405,0,0,43,30.00,16.50,18.00,446.1,walk_forward
418,18.631,45.067,22.2,22853,103964,0,22814,18471,0,0,43,30.00,16.50,18.00,447.2,walk_forward
419,18.677,43.847,22.8,22915,104342,0,22876,18535,0,0,43,30.00,16.50,18.00,448.2,walk_forward
420,18.720,53.232,18.8,22964,104753,0,22925,18585,0,0,43,30.00,16.50,18.00,449.3,walk_forward
421,18.774,45.905,21.8,23000,105039,0,22961,18622,0,0,43,30.00,16.50,18.00,450.6,walk_forward
422,18.820,43.998,22.7,23028,105273,0,22989,18657,0,0,43,30.00,16.50,18.00,451.7,walk_forward
423,18.864,43.278,23.1,23032,105374,0,22993,18670,0,0,43,30.00,16.50,18.00,452.7,walk_forward
424,18.907,44.693,22.4,23028,105426,0,22989,18669,0,0,43,30.00,16.50,18.00,453.8,walk_forward
425,18.952,51.827,19.3,23021,105555,0,22982,18664,0,0,43,30.00,16.50,18.00,454.8,walk_forward
426,19.003,43.828,22.8,22978,105438,0,22939,18638,0,0,43,30.00,16.50,18.00,456.1,walk_forward
427,19.047,42.715,23.4,22910,105173,0,22871,18589,0,0,43,30.00,16.50,18.00,457.1,walk_forward
428,19.090,43.730,22.9,22850,104967,0,22811,18548,0,0,43,30.00,16.50,18.00,458.2,walk_forward
429,19.134,50.655,19.7,22789,104746,0,22750,18502,0,0,43,30.00,16.50,18.00,459.2,walk_forward
430,19.184,61.241,16.3,22719,104612,0,22680,18453,0,0,43,30.00,16.50,18.00,460.4,walk_forward
431,19.246,43.382,23.1,22635,104313,0,22596,18391,0,0,43,30.00,16.50,18.00,461.9,walk_forward
432,19.289,42.722,23.4,22584,104141,0,22545,18357,0,0,43,30.00,16.50,18.00,462.9,walk_forward
433,19.332,45.625,21.9,22511,103843,0,22472,18300,0,0,43,30.00,16.50,18.00,464.0,walk_forward
434,19.377,41.872,23.9,22462,103669,0,22423,18268,0,0,43,30.00,16.50,18.00,465.1,walk_forward
435,19.419,51.693,19.3,22413,103632,0,22374,18235,0,0,43,30.00,16.50,18.00,466.1,walk_forward
436,19.471,41.804,23.9,22393,103632,0,22354,18231,0,0,43,30.00,16.50,18.00,467.3,walk_forward
437,19.513,42.882,23.3,22381,103630,0,22342,18229,0,0,43,30.00,16.50,18.00,468.3,walk_forward
438,19.556,54.361,18.4,22389,103724,0,22350,18240,0,0,43,30.00,16.50,18.00,469.3,walk_forward
439,19.610,41.898,23.9,22398,103836,0,22359,18259,0,0,43,30.00,16.50,18.00,470.6,walk_forward
440,19.652,50.969,19.6,22430,104166,0,22391,18293,0,0,43,30.00,16.50,18.00,471.6,walk_forward
441,19.703,41.516,24.1,22484,104501,0,22445,18352,0,0,43,30.00,16.50,18.00,472.9,walk_forward
442,19.744,44.224,22.6,22543,104863,0,22504,18424,0,0,43,30.00,16.50,18.00,473.9,walk_forward
443,19.789,43.244,23.1,22598,105192,0,22559,18486,0,0,43,30.00,16.50,18.00,474.9,walk_forward
444,19.832,49.034,20.4,22688,105657,0,22649,18578,0,0,43,30.00,16.50,18.00,476.0,walk_forward
445,19.881,63.884,15.7,22796,106388,0,22757,18688,0,0,43,30.00,16.50,18.00,477.1,walk_forward
446,19.945,58.674,17.0,22940,107146,0,22901,18833,0,0,43,30.00,16.50,18.00,478.7,walk_forward
447,20.004,57.646,17.3,23059,107760,0,23020,18942,0,0,43,30.00,16.50,18.00,480.1,walk_forward
448,20.061,58.209,17.2,23147,108216,0,23108,19031,0,0,43,30.00,16.50,18.00,481.5,walk_forward
449,20.119,54.641,18.3,23214,108736,0,23175,19100,0,0,43,30.00,16.50,18.00,482.9,walk_forward
450,20.174,49.608,20.2,23250,108916,0,23211,19134,0,0,43,30.00,16.50,18.00,484.2,walk_forward
451,20.224,43.987,22.7,23266,108991,0,23227,19148,0,0,43,30.00,16.50,18.00,485.4,walk_forward
452,20.268,44.576,22.4,23319,109236,0,23280,19195,0,0,43,30.00,16.50,18.00,486.4,walk_forward
453,20.312,43.210,23.1,23302,109150,0,23263,19180,0,0,43,30.00,16.50,18.00,487.5,walk_forward
454,20.356,56.716,17.6,23313,109383,0,23274,19192,0,0,43,30.00,16.50,18.00,488.5,walk_forward
455,20.412,45.000,22.2,23340,109503,0,23301,19219,0,0,43,30.00,16.50,18.00,489.9,walk_forward
456,20.457,57.126,17.5,23355,109576,0,23316,19235,0,0,43,30.00,16.50,18.00,491.0,walk_forward
457,20.514,57.117,17.5,23397,109789,0,23358,19275,0,0,43,30.00,16.50,18.00,492.3,walk_forward
458,20.572,54.655,18.3,23451,110254,0,23412,19326,0,0,43,30.00,16.50,18.00,493.7,walk_forward
459,20.626,49.055,20.4,23546,110743,0,23507,19420,0,0,43,30.00,16.50,18.00,495.0,walk_forward
460,20.675,51.007,19.6,23714,111608,0,23675,19592,0,0,43,30.00,16.50,18.00,496.2,walk_forward
461,20.726,44.846,22.3,23873,112388,0,23834,19746,0,0,43,30.00,16.50,18.00,497.4,walk_forward
462,20.771,45.131,22.2,24010,113060,0,23971,19880,0,0,43,30.00,16.50,18.00,498.5,walk_forward
463,20.816,54.994,18.2,24144,113914,0,24105,20010,0,0,43,30.00,16.50,18.00,499.6,walk_forward
464,20.871,47.479,21.1,24302,114692,0,24263,20165,0,0,43,30.00,16.50,18.00,500.9,walk_forward
465,20.919,57.246,17.5,24449,115401,0,24410,20304,0,0,43,30.00,16.50,18.00,502.0,walk_forward
466,20.976,55.758,17.9,24596,116115,0,24557,20444,0,0,43,30.00,16.50,18.00,503.4,walk_forward
467,21.032,56.828,17.6,24738,116999,0,24699,20581,0,0,43,30.00,16.50,18.00,504.8,walk_forward
468,21.089,54.847,18.2,24912,117862,0,24873,20754,0,0,43,30.00,16.50,18.00,506.1,walk_forward
469,21.143,54.134,18.5,25127,118927,0,25088,20966,0,0,43,30.00,16.50,18.00,507.4,walk_forward
470,21.198,61.521,16.3,25324,119889,0,25285,21158,0,0,43,30.00,16.50,18.00,508.7,walk_forward
471,21.259,60.523,16.5,25538,121147,0,25499,21363,0,0,43,30.00,16.50,18.00,510.2,walk_forward
472,21.320,52.492,19.1,25731,122131,0,25692,21551,0,0,43,30.00,16.50,18.00,511.7,walk_forward
473,21.372,52.102,19.2,25914,123055,0,25875,21729,0,0,43,30.00,16.50,18.00,512.9,walk_forward
474,21.424,54.400,18.4,26083,123935,0,26044,21892,0,0,43,30.00,16.50,18.00,514.2,walk_forward
475,21.479,69.185,14.5,26283,125157,0,26244,22093,0,0,43,30.00,16.50,18.00,515.5,walk_forward
476,21.548,55.896,17.9,26496,126236,0,26457,22308,0,0,43,30.00,16.50,18.00,517.1,walk_forward
477,21.604,56.495,17.7,26671,127105,0,26632,22478,0,0,43,30.00,16.50,18.00,518.5,walk_forward
478,21.660,60.265,16.6,26798,127737,0,26759,22602,0,0,43,30.00,16.50,18.00,519.8,walk_forward
479,21.721,66.062,15.1,26930,128562,0,26891,22731,0,0,43,30.00,16.50,18.00,521.3,walk_forward
480,21.787,63.217,15.8,27072,129269,0,27033,22868,0,0,43,30.00,16.50,18.00,522.9,walk_forward
481,21.850,79.086,12.6,27217,130002,0,27178,23015,0,0,43,30.00,16.50,18.00,524.4,walk_forward
482,21.929,115.953,8.6,27399,131081,0,27360,23195,0,0,43,30.00,16.50,18.00,526.3,walk_forward
483,22.045,65.111,15.4,27687,132482,0,27648,23483,0,0,43,30.00,16.50,18.00,529.1,walk_forward
484,22.110,70.573,14.2,27811,133075,0,27772,23607,0,0,43,30.00,16.50,18.00,530.6,walk_forward
485,22.181,73.531,13.6,27911,133677,0,27872,23707,0,0,43,30.00,16.50,18.00,532.3,walk_forward
486,22.254,75.507,13.2,28034,134217,0,27995,23830,0,0,43,30.00,16.50,18.00,534.1,walk_forward
487,22.330,77.491,12.9,28108,134605,0,28069,23904,0,0,43,30.00,16.50,18.00,535.9,walk_forward
488,22.407,81.882,12.2,28212,135350,0,28173,24002,0,0,43,30.00,16.50,18.00,537.8,walk_forward
489,22.489,69.780,14.3,28318,135944,0,28279,24094,0,0,43,30.00,16.50,18.00,539.7,walk_forward
490,22.559,72.360,13.8,28375,136313,0,28336,24142,0,0,43,30.00,16.50,18.00,541.4,walk_forward
491,22.631,78.790,12.7,28419,136788,0,28380,24164,0,0,43,30.00,16.50,18.00,543.1,walk_forward
492,22.710,83.577,12.0,28447,136983,0,28408,24178,0,0,43,30.00,16.50,18.00,545.0,walk_forward
493,22.794,74.224,13.5,28469,137165,0,28430,24197,0,0,43,30.00,16.50,18.00,547.0,walk_forward
494,22.868,75.064,13.3,28470,137437,0,28431,24192,0,0,43,30.00,16.50,18.00,548.8,walk_forward
495,22.943,64.146,15.6,28500,137628,0,28461,24194,0,0,43,30.00,16.50,18.00,550.6,walk_forward
496,23.007,64.348,15.5,28531,137778,0,28492,24181,0,0,43,30.00,16.50,18.00,552.2,walk_forward
497,23.071,89.624,11.2,28586,138179,0,28547,24158,0,0,43,30.00,16.50,18.00,553.7,walk_forward
498,23.161,66.826,15.0,28650,138407,0,28611,24129,0,0,43,30.00,16.50,18.00,555.9,walk_forward
499,23.228,75.536,13.2,28701,138583,0,28662,24101,0,0,43,30.00,16.50,18.00,557.5,walk_forward
500,23.303,76.290,13.1,28761,139015,0,28722,24073,0,0,43,30.00,16.50,18.00,559.3,walk_forward
501,23.380,67.229,14.9,28803,139250,0,28764,24073,0,0,43,30.00,16.50,18.00,561.1,walk_forward
502,23.447,72.119,13.9,28847,139497,0,28808,24087,0,0,43,30.00,16.50,18.00,562.7,walk_forward
503,23.519,98.795,10.1,28934,140132,0,28895,24132,0,0,43,30.00,16.50,18.00,564.5,walk_forward
504,23.618,74.183,13.5,29030,140637,0,28991,24187,0,0,43,30.00,16.50,18.00,566.8,walk_forward
505,23.692,69.621,14.4,29143,141255,0,29104,24267,0,0,43,30.00,16.50,18.00,568.6,walk_forward
506,23.762,79.519,12.6,29254,142053,0,29215,24351,0,0,43,30.00,16.50,18.00,570.3,walk_forward
507,23.841,68.810,14.5,29382,142687,0,29343,24427,0,0,43,30.00,16.50,18.00,572.2,walk_forward
508,23.910,70.183,14.2,29480,143197,0,29441,24479,0,0,43,30.00,16.50,18.00,573.8,walk_forward
509,23.980,78.720,12.7,29590,143948,0,29551,24540,0,0,43,30.00,16.50,18.00,575.5,walk_forward
510,24.059,69.952,14.3,29660,144404,0,29621,24579,0,0,43,30.00,16.50,18.00,577.4,fly_high
511,24.129,71.480,14.0,29759,144935,0,29720,24631,0,0,43,30.00,16.50,18.00,579.1,fly_high
512,24.201,80.662,12.4,29827,145439,0,29788,24641,0,0,43,30.00,16.50,18.00,580.8,fly_high
513,24.281,70.895,14.1,29904,145789,0,29865,24625,0,0,43,30.00,16.50,18.00,582.7,fly_high
514,24.352,71.611,14.0,29913,145830,0,29874,24574,0,0,43,30.00,16.50,18.00,584.5,fly_high
515,24.424,96.422,10.4,29847,145652,0,29808,24450,0,0,43,30.00,16.50,18.00,586.2,fly_high
516,24.520,90.306,11.1,29676,144862,0,29637,24221,0,0,43,30.00,16.50,18.00,588.5,fly_high
517,24.611,83.739,11.9,29491,144144,0,29452,23994,0,0,43,30.00,16.50,18.00,590.7,fly_high
518,24.694,93.675,10.7,29590,144937,0,29551,24018,0,0,43,30.00,16.50,18.00,592.7,fly_high
519,24.788,71.532,14.0,29739,145863,0,29700,24094,0,0,43,30.00,16.50,18.00,594.9,fly_high
520,24.859,88.010,11.4,29847,146587,0,29808,24163,0,0,43,30.00,16.50,18.00,596.6,fly_high
521,24.948,94.816,10.5,29993,147676,0,29954,24266,0,0,43,30.00,16.50,18.00,598.7,fly_high
522,25.042,76.122,13.1,30154,148694,0,30115,24371,0,0,43,30.00,16.50,18.00,601.0,fly_high
523,25.118,72.612,13.8,30247,149365,0,30208,24427,0,0,43,30.00,16.50,18.00,602.8,fly_high
524,25.191,82.707,12.1,30265,149785,0,30226,24414,0,0,43,30.00,16.50,18.00,604.6,fly_high
525,25.274,72.581,13.8,30123,149306,0,30084,24265,0,0,43,30.00,16.50,18.00,606.6,fly_high
526,25.346,73.483,13.6,30095,149441,0,30056,24224,0,0,43,30.00,16.50,18.00,608.3,fly_high
527,25.420,84.756,11.8,30048,149583,0,30009,24154,0,0,43,30.00,16.50,18.00,610.1,fly_high
528,25.505,76.138,13.1,29975,149506,0,29936,24049,0,0,43,30.00,16.50,18.00,612.1,fly_high
529,25.581,76.733,13.0,29944,149622,0,29905,23997,0,0,43,30.00,16.50,18.00,613.9,fly_high
530,25.658,85.964,11.6,29830,149415,0,29791,23853,0,0,43,30.00,16.50,18.00,615.8,fly_high
531,25.744,79.487,12.6,29758,149341,0,29719,23753,0,0,43,30.00,16.50,18.00,617.8,fly_high
532,25.823,78.416,12.8,29712,149387,0,29673,23683,0,0,43,30.00,16.50,18.00,619.8,fly_high
533,25.901,85.601,11.7,29626,149322,0,29587,23598,0,0,43,30.00,16.50,18.00,621.6,fly_high
534,25.987,78.239,12.8,29575,149329,0,29536,23524,0,0,43,30.00,16.50,18.00,623.7,fly_high
535,26.065,76.015,13.2,29449,148910,0,29410,23383,0,0,43,30.00,16.50,18.00,625.6,fly_high
536,26.141,98.258,10.2,29334,148687,0,29295,23277,0,0,43,30.00,16.50,18.00,627.4,fly_high
537,26.240,76.042,13.2,29148,148035,0,29109,23092,0,0,43,30.00,16.50,18.00,629.8,fly_high
538,26.316,73.944,13.5,29033,147643,0,28994,22973,0,0,43,30.00,16.50,18.00,631.6,fly_high
539,26.390,87.586,11.4,28915,147291,0,28876,22853,0,0,43,30.00,16.50,18.00,633.4,fly_high
540,26.477,76.572,13.1,28716,146487,0,28677,22656,0,0,43,30.00,16.50,18.00,635.5,fly_high
541,26.554,73.549,13.6,28489,145304,0,28450,22428,0,0,43,30.00,16.50,18.00,637.3,fly_high
542,26.627,82.821,12.1,28310,144362,0,28271,22244,0,0,43,30.00,16.50,18.00,639.1,fly_high
543,26.710,72.957,13.7,28101,143225,0,28062,22030,0,0,43,30.00,16.50,18.00,641.0,fly_high
544,26.783,75.634,13.2,27912,142188,0,27873,21836,0,0,43,30.00,16.50,18.00,642.8,fly_high
545,26.859,82.485,12.1,27689,140971,0,27650,21607,0,0,43,30.00,16.50,18.00,644.6,fly_high
546,26.941,69.828,14.3,27432,139542,0,27393,21341,0,0,43,30.00,16.50,18.00,646.6,fly_high
547,27.011,68.445,14.6,27224,138387,0,27185,21132,0,0,43,30.00,16.50,18.00,648.3,fly_high
548,27.080,83.546,12.0,26998,137149,0,26959,20915,0,0,43,30.00,16.50,18.00,649.9,fly_high
549,27.163,70.379,14.2,26736,135710,0,26697,20667,0,0,43,30.00,16.50,18.00,651.9,fly_high
550,27.234,66.874,15.0,26552,134744,0,26513,20499,0,0,43,30.00,16.50,18.00,653.6,fly_high
551,27.300,80.783,12.4,26298,133313,0,26259,20252,0,0,43,30.00,16.50,18.00,655.2,fly_high
552,27.381,69.647,14.4,26042,131889,0,26003,20005,0,0,43,30.00,16.50,18.00,657.2,fly_high
553,27.451,65.441,15.3,25811,130619,0,25772,19788,0,0,43,30.00,16.50,18.00,658.8,fly_high
554,27.516,76.809,13.0,25591,129403,0,25552,19590,0,0,43,30.00,16.50,18.00,660.4,fly_high
555,27.593,62.823,15.9,25331,128004,0,25292,19366,0,0,43,30.00,16.50,18.00,662.2,fly_high
556,27.656,61.209,16.3,25105,126827,0,25066,19189,0,0,43,30.00,16.50,18.00,663.7,fly_high
557,27.717,123.980,8.1,24857,125594,0,24818,19020,0,0,43,30.00,16.50,18.00,665.2,fly_high
558,27.841,62.070,16.1,24425,123396,0,24386,18694,0,0,43,30.00,16.50,18.00,668.2,fly_high
559,27.903,62.160,16.1,24203,122294,0,24164,18549,0,0,43,30.00,16.50,18.00,669.7,fly_high
560,27.965,71.255,14.0,23983,121170,0,23944,18386,0,0,43,30.00,16.50,18.00,671.2,fly_high
561,28.037,61.183,16.3,23767,119977,0,23728,18195,0,0,43,30.00,16.50,18.00,672.9,fly_high
562,28.098,61.356,16.3,23588,119001,0,23549,18042,0,0,43,30.00,16.50,18.00,674.4,fly_high
563,28.159,66.694,15.0,23399,117982,0,23360,17885,0,0,43,30.00,16.50,18.00,675.8,fly_high
564,28.226,68.428,14.6,23213,116975,0,23174,17733,0,0,43,30.00,16.50,18.00,677.4,fly_high
565,28.294,57.599,17.4,23035,115979,0,22996,17577,0,0,43,30.00,16.50,18.00,679.1,fly_high
566,28.352,54.019,18.5,22879,115145,0,22840,17445,0,0,43,30.00,16.50,18.00,680.4,fly_high
567,28.406,65.771,15.2,22723,114313,0,22684,17321,0,0,43,30.00,16.50,18.00,681.7,fly_high
568,28.472,63.393,15.8,22531,113328,0,22492,17168,0,0,43,30.00,16.50,18.00,683.3,fly_high
569,28.535,69.502,14.4,22335,112295,0,22296,17015,0,0,43,30.00,16.50,18.00,684.8,fly_high
570,28.605,53.393,18.7,22114,111155,0,22075,16846,0,0,43,30.00,16.50,18.00,686.5,fly_high
571,28.658,52.072,19.2,21980,110449,0,21941,16749,0,0,43,30.00,16.50,18.00,687.8,fly_high
572,28.710,65.065,15.4,21837,109700,0,21798,16647,0,0,43,30.00,16.50,18.00,689.0,fly_high
573,28.775,52.173,19.2,21665,108782,0,21626,16518,0,0,43,30.00,16.50,18.00,690.6,fly_high
574,28.828,53.862,18.6,21550,108213,0,21511,16439,0,0,43,30.00,16.50,18.00,691.9,fly_high
575,28.881,50.587,19.8,21420,107536,0,21381,16347,0,0,43,30.00,16.50,18.00,693.2,fly_high
576,28.932,63.229,15.8,21290,106842,0,21251,16247,0,0,43,30.00,16.50,18.00,694.4,fly_high
577,28.995,49.888,20.0,21154,106203,0,21115,16167,0,0,43,30.00,16.50,18.00,695.9,fly_high
578,29.045,51.820,19.3,21051,105702,0,21012,16110,0,0,43,30.00,16.50,18.00,697.1,fly_high
579,29.097,51.081,19.6,20951,105219,0,20912,16060,0,0,43,30.00,16.50,18.00,698.3,fly_high
580,29.148,59.919,16.7,20888,104937,0,20849,16041,0,0,43,30.00,16.50,18.00,699.6,fly_high
581,29.208,47.824,20.9,20823,104599,0,20784,16024,0,0,43,30.00,16.50,18.00,701.0,fly_high
582,29.256,49.050,20.4,20771,104341,0,20732,16016,0,0,43,30.00,16.50,18.00,702.1,fly_high
583,29.305,47.717,21.0,20712,104047,0,20673,16005,0,0,43,30.00,16.50,18.00,703.3,fly_high
584,29.353,56.757,17.6,20681,103967,0,20642,16025,0,0,43,30.00,16.50,18.00,704.5,fly_high
585,29.409,50.084,20.0,20672,103946,0,20633,16059,0,0,43,30.00,16.50,18.00,705.8,fly_high
586,29.460,46.794,21.4,20640,103782,0,20601,16062,0,0,43,30.00,16.50,18.00,707.0,fly_high
587,29.506,48.164,20.8,20630,103723,0,20591,16085,0,0,43,30.00,16.50,18.00,708.2,fly_high
588,29.555,67.753,14.8,20609,103648,0,20570,16106,0,0,43,30.00,16.50,18.00,709.3,fly_high
589,29.622,54.327,18.4,20622,103646,0,20583,16132,0,0,43,30.00,16.50,18.00,710.9,fly_high
590,29.677,46.692,21.4,20635,103680,0,20596,16163,0,0,43,30.00,16.50,18.00,712.2,fly_high
591,29.723,48.373,20.7,20634,103658,0,20595,16181,0,0,43,30.00,16.50,18.00,713.4,fly_high
592,29.772,57.162,17.5,20650,103723,0,20611,16202,0,0,43,30.00,16.50,18.00,714.5,fly_high
593,29.829,47.517,21.0,20649,103642,0,20610,16200,0,0,43,30.00,16.50,18.00,715.9,fly_high
594,29.876,46.309,21.6,20632,103473,0,20593,16180,0,0,43,30.00,16.50,18.00,717.0,fly_high
595,29.923,44.905,22.3,20612,103275,0,20573,16167,0,0,43,30.00,16.50,18.00,718.1,fly_high
596,29.968,44.698,22.4,20589,103032,0,20550,16148,0,0,43,30.00,16.50,18.00,719.2,fly_high
597,30.012,53.716,18.6,20574,102957,0,20535,16148,0,0,43,30.00,16.50,18.00,720.3,night
598,30.066,47.421,21.1,20534,102625,0,20495,16129,0,0,43,30.00,16.50,18.00,721.6,night
599,30.114,44.610,22.4,20499,102346,0,20460,16119,0,0,43,30.00,16.50,18.00,722.7,night
600,30.158,44.650,22.4,20471,102075,0,20432,16098,0,0,43,30.00,16.50,18.00,723.8,night
601,30.203,44.699,22.4,20434,101751,0,20395,16066,0,0,43,30.00,16.50,18.00,724.9,night
602,30.248,54.644,18.3,20376,101453,0,20337,16024,0,0,43,30.00,16.50,18.00,725.9,night
603,30.302,44.753,22.3,20329,101082,0,20290,16006,0,0,43,30.00,16.50,18.00,727.3,night
604,30.347,44.138,22.7,20245,100531,0,20206,15944,0,0,43,30.00,16.50,18.00,728.3,night
605,30.391,44.346,22.6,20183,100063,0,20144,15889,0,0,43,30.00,16.50,18.00,729.4,night
606,30.435,44.862,22.3,20124,99614,0,20085,15835,0,0,43,30.00,16.50,18.00,730.5,night
607,30.480,52.449,19.1,20044,99197,0,20005,15765,0,0,43,30.00,16.50,18.00,731.5,night
608,30.533,44.364,22.5,19933,98480,0,19894,15672,0,0,43,30.00,16.50,18.00,732.8,night
609,30.577,42.784,23.4,19865,98034,0,19826,15618,0,0,43,30.00,16.50,18.00,733.9,night
610,30.620,42.947,23.3,19804,97616,0,19765,15558,0,0,43,30.00,16.50,18.00,734.9,night
611,30.663,42.592,23.5,19744,97198,0,19705,15494,0,0,43,30.00,16.50,18.00,735.9,night
612,30.706,52.165,19.2,19715,97113,0,19676,15454,0,0,43,30.00,16.50,18.00,736.9,night
613,30.758,41.158,24.3,19669,96772,0,19630,15402,0,0,43,30.00,16.50,18.00,738.2,night
614,30.799,41.311,24.2,19646,96582,0,19607,15376,0,0,43,30.00,16.50,18.00,739.2,night
615,30.840,41.068,24.3,19618,96361,0,19579,15342,0,0,43,30.00,16.50,18.00,740.2,night
616,30.881,41.176,24.3,19590,96141,0,19551,15312,0,0,43,30.00,16.50,18.00,741.2,night
617,30.922,50.039,20.0,19573,96214,0,19534,15291,0,0,43,30.00,16.50,18.00,742.1,night
618,30.972,40.986,24.4,19563,96085,0,19524,15274,0,0,43,30.00,16.50,18.00,743.3,night
619,31.013,41.092,24.3,19548,95950,0,19509,15250,0,0,43,30.00,16.50,18.00,744.3,night
620,31.055,41.379,24.2,19536,95851,0,19497,15235,0,0,43,30.00,16.50,18.00,745.3,night
621,31.096,44.086,22.7,19536,95804,0,19497,15230,0,0,43,30.00,16.50,18.00,746.3,night
622,31.140,49.092,20.4,19525,95943,0,19486,15215,0,0,43,30.00,16.50,18.00,747.4,night
623,31.189,40.885,24.5,19528,95931,0,19489,15215,0,0,43,30.00,16.50,18.00,748.5,night
624,31.230,46.372,21.6,19523,95853,0,19484,15205,0,0,43,30.00,16.50,18.00,749.5,night
625,31.276,41.561,24.1,19532,95886,0,19493,15214,0,0,43,30.00,16.50,18.00,750.6,night
626,31.318,41.206,24.3,19552,95967,0,19513,15227,0,0,43,30.00,16.50,18.00,751.6,night
627,31.359,52.047,19.2,19557,96214,0,19518,15229,0,0,43,30.00,16.50,18.00,752.6,night
628,31.411,42.979,23.3,19581,96314,0,19542,15251,0,0,43,30.00,16.50,18.00,753.9,night
629,31.454,48.217,20.7,19607,96407,0,19568,15270,0,0,43,30.00,16.50,18.00,754.9,night
630,31.503,43.542,23.0,19620,96481,0,19581,15286,0,0,43,30.00,16.50,18.00,756.1,night
631,31.546,50.384,19.8,19649,96595,0,19610,15311,0,0,43,30.00,16.50,18.00,757.1,night
632,31.596,61.623,16.2,19684,97028,0,19645,15343,0,0,43,30.00,16.50,18.00,758.3,night
633,31.658,47.261,21.2,19728,97237,0,19689,15385,0,0,43,30.00,16.50,18.00,759.8,night
634,31.705,41.232,24.3,19752,97336,0,19713,15409,0,0,43,30.00,16.50,18.00,760.9,night
635,31.747,47.012,21.3,19787,97516,0,19748,15443,0,0,43,30.00,16.50,18.00,761.9,night
636,31.794,46.064,21.7,19818,97673,0,19779,15473,0,0,43,30.00,16.50,18.00,763.0,night
637,31.840,58.870,17.0,19858,98070,0,19819,15512,0,0,43,30.00,16.50,18.00,764.2,night
638,31.899,41.355,24.2,19912,98341,0,19873,15564,0,0,43,30.00,16.50,18.00,765.6,night
639,31.940,39.948,25.0,19948,98527,0,19909,15600,0,0,43,30.00,16.50,18.00,766.6,night
640,31.980,44.037,22.7,19969,98656,0,19930,15627,0,0,43,30.00,16.50,18.00,767.5,night
641,32.024,40.011,25.0,20009,98875,0,19970,15671,0,0,43,30.00,16.50,18.00,768.6,night
642,32.064,48.476,20.6,20047,99203,0,20008,15709,0,0,43,30.00,16.50,18.00,769.5,night
643,32.112,40.570,24.6,20089,99443,0,20050,15757,0,0,43,30.00,16.50,18.00,770.7,night
644,32.153,40.117,24.9,20130,99663,0,20091,15798,0,0,43,30.00,16.50,18.00,771.7,night
645,32.193,40.448,24.7,20167,99867,0,20128,15839,0,0,43,30.00,16.50,18.00,772.6,night
646,32.234,40.667,24.6,20226,100165,0,20187,15898,0,0,43,30.00,16.50,18.00,773.6,night
647,32.274,49.640,20.1,20265,100522,0,20226,15937,0,0,43,30.00,16.50,18.00,774.6,night
648,32.324,41.770,23.9,20327,100859,0,20288,15999,0,0,43,30.00,16.50,18.00,775.8,night
649,32.366,44.834,22.3,20376,101128,0,20337,16048,0,0,43,30.00,16.50,18.00,776.8,night
650,32.411,42.272,23.7,20434,101439,0,20395,16106,0,0,43,30.00,16.50,18.00,777.9,night
651,32.453,49.890,20.0,20507,101837,0,20468,16179,0,0,43,30.00,16.50,18.00,778.9,night
652,32.503,56.343,17.7,20594,102394,0,20555,16259,0,0,43,30.00,16.50,18.00,780.1,night
653,32.559,41.535,24.1,20666,102781,0,20627,16331,0,0,43,30.00,16.50,18.00,781.4,night
654,32.601,41.712,24.0,20738,103177,0,20699,16403,0,0,43,30.00,16.50,18.00,782.4,night
655,32.642,43.055,23.2,20803,103532,0,20764,16468,0,0,43,30.00,16.50,18.00,783.4,night
656,32.685,42.526,23.5,20874,103914,0,20835,16539,0,0,43,30.00,16.50,18.00,784.5,night
657,32.728,53.411,18.7,20945,104410,0,20906,16604,0,0,43,30.00,16.50,18.00,785.5,night
658,32.781,41.640,24.0,21013,104797,0,20974,16671,0,0,43,30.00,16.50,18.00,786.8,night
659,32.823,42.304,23.6,21099,105263,0,21060,16757,0,0,43,30.00,16.50,18.00,787.8,night
660,32.865,44.966,22.2,21183,105719,0,21144,16835,0,0,43,30.00,16.50,18.00,788.8,night
661,32.910,41.685,24.0,21261,106160,0,21222,16913,0,0,43,30.00,16.50,18.00,789.8,night
662,32.952,53.527,18.7,21330,106638,0,21291,16983,0,0,43,30.00,16.50,18.00,790.8,night
663,33.006,42.834,23.3,21460,107367,0,21421,17108,0,0,43,30.00,16.50,18.00,792.1,night
664,33.048,43.716,22.9,21544,107838,0,21505,17192,0,0,43,30.00,16.50,18.00,793.2,night
665,33.092,50.651,19.7,21648,108424,0,21609,17296,0,0,43,30.00,16.50,18.00,794.2,night
666,33.143,75.096,13.3,21770,109115,0,21731,17418,0,0,43,30.00,16.50,18.00,795.4,night
667,33.218,57.927,17.3,21946,110189,0,21907,17590,0,0,43,30.00,16.50,18.00,797.2,night
668,33.276,49.218,20.3,22084,110973,0,22045,17729,0,0,43,30.00,16.50,18.00,798.6,night
669,33.325,46.719,21.4,22196,111603,0,22157,17842,0,0,43,30.00,16.50,18.00,799.8,night
670,33.372,46.929,21.3,22300,112197,0,22261,17948,0,0,43,30.00,16.50,18.00,800.9,night
671,33.419,57.393,17.4,22403,112839,0,22364,18052,0,0,43,30.00,16.50,18.00,802.0,night
672,33.476,47.077,21.2,22520,113494,0,22481,18173,0,0,43,30.00,16.50,18.00,803.4,night
673,33.523,47.434,21.1,22624,114073,0,22585,18273,0,0,43,30.00,16.50,18.00,804.6,night
674,33.571,47.669,21.0,22704,114522,0,22665,18357,0,0,43,30.00,16.50,18.00,805.7,night
675,33.618,48.940,20.4,22783,114976,0,22744,18438,0,0,43,30.00,16.50,18.00,806.8,night
676,33.667,57.862,17.3,22834,115362,0,22795,18497,0,0,43,30.00,16.50,18.00,808.0,night
677,33.725,47.070,21.2,22912,115822,0,22873,18576,0,0,43,30.00,16.50,18.00,809.4,night
678,33.772,50.182,19.9,22949,116041,0,22910,18614,0,0,43,30.00,16.50,18.00,810.5,night
679,33.822,46.512,21.5,22958,116111,0,22919,18630,0,0,43,30.00,16.50,18.00,811.7,night
680,33.869,55.864,17.9,22973,116265,0,22934,18652,0,0,43,30.00,16.50,18.00,812.9,night
681,33.925,48.093,20.8,22962,116264,0,22923,18653,0,0,43,30.00,16.50,18.00,814.2,night
682,33.973,46.945,21.3,22925,116124,0,22886,18634,0,0,43,30.00,16.50,18.00,815.4,night
683,34.020,47.282,21.1,22859,115841,0,22820,18585,0,0,43,30.00,16.50,18.00,816.5,night
684,34.067,47.655,21.0,22820,115667,0,22781,18562,0,0,43,30.00,16.50,18.00,817.6,night
685,34.115,68.763,14.5,22749,115355,0,22710,18507,0,0,43,30.00,16.50,18.00,818.8,night
686,34.184,48.552,20.6,22652,114902,0,22613,18436,0,0,43,30.00,16.50,18.00,820.4,night
687,34.232,47.904,20.9,22588,114606,0,22549,18387,0,0,43,30.00,16.50,18.00,821.6,night
688,34.280,46.481,21.5,22530,114334,0,22491,18344,0,0,43,30.00,16.50,18.00,822.7,night
689,34.327,54.739,18.3,22454,114017,0,22415,18292,0,0,43,30.00,16.50,18.00,823.8,night
690,34.381,55.567,18.0,22386,113705,0,22347,18243,0,0,43,30.00,16.50,18.00,825.2,night
691,34.437,45.183,22.1,22341,113509,0,22302,18218,0,0,43,30.00,16.50,18.00,826.5,night
692,34.482,44.776,22.3,22341,113538,0,22302,18229,0,0,43,30.00,16.50,18.00,827.6,night
693,34.527,60.429,16.5,22313,113435,0,22274,18211,0,0,43,30.00,16.50,18.00,828.6,night
694,34.587,61.522,16.3,22338,113589,0,22299,18241,0,0,43,30.00,16.50,18.00,830.1,night
695,34.649,46.341,21.6,22354,113709,0,22315,18273,0,0,43,30.00,16.50,18.00,831.6,night
696,34.695,58.004,17.2,22387,113913,0,22348,18309,0,0,43,30.00,16.50,18.00,832.7,night
697,34.753,61.924,16.1,22482,114386,0,22443,18417,0,0,43,30.00,16.50,18.00,834.1,night
698,34.815,46.037,21.7,22578,114817,0,22539,18505,0,0,43,30.00,16.50,18.00,835.6,night
699,34.861,47.441,21.1,22676,115269,0,22637,18608,0,0,43,30.00,16.50,18.00,836.7,night
700,34.909,47.651,21.0,22787,115760,0,22748,18716,0,0,43,30.00,16.50,18.00,837.8,night
701,34.956,56.792,17.6,22875,116108,0,22836,18803,0,0,43,30.00,16.50,18.00,839.0,night
702,35.013,59.748,16.7,23007,116671,0,22968,18923,0,0,43,30.00,16.50,18.00,840.3,night
703,35.073,50.886,19.7,23088,116965,0,23049,19007,0,0,43,30.00,16.50,18.00,841.8,night
704,35.124,48.064,20.8,23126,117066,0,23087,19049,0,0,43,30.00,16.50,18.00,843.0,night
705,35.172,54.867,18.2,23153,117128,0,23114,19076,0,0,43,30.00,16.50,18.00,844.1,night
706,35.227,48.543,20.6,23173,117128,0,23134,19089,0,0,43,30.00,16.50,18.00,845.4,night
707,35.275,46.732,21.4,23207,117251,0,23168,19129,0,0,43,30.00,16.50,18.00,846.6,night
708,35.322,47.238,21.2,23184,117055,0,23145,19109,0,0,43,30.00,16.50,18.00,847.7,night
709,35.369,48.236,20.7,23212,117132,0,23173,19137,0,0,43,30.00,16.50,18.00,848.9,night
710,35.418,58.076,17.2,23241,117190,0,23202,19160,0,0,43,30.00,16.50,18.00,850.0,night
711,35.476,46.734,21.4,23268,117246,0,23229,19186,0,0,43,30.00,16.50,18.00,851.4,night
712,35.522,47.658,21.0,23300,117329,0,23261,19217,0,0,43,30.00,16.50,18.00,852.5,night
713,35.570,67.675,14.8,23344,117486,0,23305,19258,0,0,43,30.00,16.50,18.00,853.7,night
714,35.638,59.271,16.9,23472,118034,0,23433,19384,0,0,43,30.00,16.50,18.00,855.3,night
715,35.697,53.059,18.8,23683,119015,0,23644,19597,0,0,43,30.00,16.50,18.00,856.7,night
716,35.750,50.997,19.6,23845,119742,0,23806,19755,0,0,43,30.00,16.50,18.00,858.0,night
717,35.801,50.793,19.7,23996,120422,0,23957,19901,0,0,43,30.00,16.50,18.00,859.2,night
718,35.852,60.864,16.4,24141,121073,0,24102,20044,0,0,43,30.00,16.50,18.00,860.4,night
719,35.913,54.472,18.4,24310,121825,0,24271,20210,0,0,43,30.00,16.50,18.00,861.9,night
720,35.967,50.438,19.8,24485,122577,0,24446,20372,0,0,43,30.00,16.50,18.00,863.2,night
721,36.018,35.589,28.1,16436,73970,0,16397,12263,0,0,43,30.00,16.50,18.00,864.4,birdseye
722,36.053,44.299,22.6,16436,73970,0,16397,12263,0,0,43,30.00,16.50,18.00,865.3,birdseye
723,36.098,35.584,28.1,16430,73958,0,16391,12263,0,0,43,30.00,16.50,18.00,866.3,birdseye
724,36.133,38.249,26.1,16430,73958,0,16391,12263,0,0,43,30.00,16.50,18.00,867.2,birdseye
725,36.172,42.375,23.6,16430,73958,0,16391,12263,0,0,43,30.00,16.50,18.00,868.1,birdseye
726,36.214,51.484,19.4,16430,73958,0,16391,12263,0,0,43,30.00,16.50,18.00,869.1,birdseye
727,36.265,45.606,21.9,16430,73958,0,16391,12263,0,0,43,30.00,16.50,18.00,870.4,birdseye
728,36.311,37.380,26.8,16430,73958,0,16391,12263,0,0,43,30.00,16.50,18.00,871.5,birdseye
729,36.348,37.827,26.4,16424,73946,0,16385,12263,0,0,43,30.00,16.50,18.00,872.4,birdseye
730,36.386,40.388,24.8,16424,73946,0,16385,12263,0,0,43,30.00,16.50,18.00,873.3,birdseye
731,36.427,37.502,26.7,16424,73946,0,16385,12263,0,0,43,30.00,16.50,18.00,874.2,birdseye
732,36.464,39.562,25.3,16424,73946,0,16385,12263,0,0,43,30.00,16.50,18.00,875.1,birdseye
733,36.504,47.189,21.2,16430,73958,0,16391,12263,0,0,43,30.00,16.50,18.00,876.1,birdseye
734,36.551,38.432,26.0,16430,73958,0,16391,12263,0,0,43,30.00,16.50,18.00,877.2,birdseye
735,36.589,38.858,25.7,16430,73958,0,16391,12263,0,0,43,30.00,16.50,18.00,878.1,birdseye
736,36.628,38.265,26.1,16430,73958,0,16391,12263,0,0,43,30.00,16.50,18.00,879.1,birdseye
737,36.667,38.527,26.0,16430,73958,0,16391,12263,0,0,43,30.00,16.50,18.00,880.0,birdseye
738,36.705,47.923,20.9,16430,73958,0,16391,12263,0,0,43,30.00,16.50,18.00,880.9,birdseye
739,36.753,37.222,26.9,16430,73958,0,16391,12263,0,0,43,30.00,16.50,18.00,882.1,birdseye
740,36.790,39.204,25.5,16430,73958,0,16391,12263,0,0,43,30.00,16.50,18.00,883.0,birdseye
741,36.829,38.033,26.3,16430,73958,0,16391,12263,0,0,43,30.00,16.50,18.00,883.9,birdseye
742,36.867,40.184,24.9,16430,73958,0,16391,12263,0,0,43,30.00,16.50,18.00,884.8,birdseye
743,36.908,54.040,18.5,16430,73958,0,16391,12263,0,0,43,30.00,16.50,18.00,885.8,birdseye
744,36.962,37.527,26.6,16430,73958,0,16391,12263,0,0,43,30.00,16.50,18.00,887.1,birdseye
745,36.999,42.686,23.4,16430,73958,0,16391,12263,0,0,43,30.00,16.50,18.00,888.0,birdseye
746,37.042,36.434,27.4,16430,73958,0,16391,12263,0,0,43,30.00,16.50,18.00,889.0,birdseye
747,37.078,37.542,26.6,16430,73958,0,16391,12263,0,0,43,30.00,16.50,18.00,889.9,birdseye
748,37.116,54.233,18.4,16430,73958,0,16391,12263,0,0,43,30.00,16.50,18.00,890.8,birdseye
749,37.170,48.089,20.8,16430,73958,0,16391,12263,0,0,43,30.00,16.50,18.00,892.1,birdseye
750,37.218,40.328,24.8,16430,73958,0,16391,12263,0,0,43,30.00,16.50,18.00,893.2,birdseye
751,37.259,39.960,25.0,16430,73958,0,16391,12263,0,0,43,30.00,16.50,18.00,894.2,birdseye
752,37.299,47.656,21.0,16430,73958,0,16391,12263,0,0,43,30.00,16.50,18.00,895.2,birdseye
753,37.346,52.246,19.1,16430,73958,0,16391,12263,0,0,43,30.00,16.50,18.00,896.3,birdseye
754,37.399,37.561,26.6,16430,73958,0,16391,12263,0,0,43,30.00,16.50,18.00,897.6,birdseye
755,37.436,38.493,26.0,16430,73958,0,16391,12263,0,0,43,30.00,16.50,18.00,898.5,birdseye
756,37.475,38.354,26.1,16430,73958,0,16391,12263,0,0,43,30.00,16.50,18.00,899.4,birdseye
757,37.513,40.274,24.8,16430,73958,0,16391,12263,0,0,43,30.00,16.50,18.00,900.3,birdseye
758,37.553,48.835,20.5,16430,73958,0,16391,12263,0,0,43,30.00,16.50,18.00,901.3,birdseye
759,37.602,39.338,25.4,16430,73958,0,16391,12263,0,0,43,30.00,16.50,18.00,902.4,birdseye
760,37.641,38.606,25.9,16430,73958,0,16391,12263,0,0,43,30.00,16.50,18.00,903.4,birdseye
761,37.680,38.125,26.2,16430,73958,0,16391,12263,0,0,43,30.00,16.50,18.00,904.3,birdseye
762,37.718,38.561,25.9,16430,73958,0,16391,12263,0,0,43,30.00,16.50,18.00,905.2,birdseye
763,37.757,46.878,21.3,16430,73958,0,16391,12263,0,0,43,30.00,16.50,18.00,906.2,birdseye
764,37.804,37.592,26.6,16430,73958,0,16391,12263,0,0,43,30.00,16.50,18.00,907.3,birdseye
765,37.841,37.997,26.3,16430,73958,0,16391,12263,0,0,43,30.00,16.50,18.00,908.2,birdseye
766,37.879,37.676,26.5,16430,73958,0,16391,12263,0,0,43,30.00,16.50,18.00,909.1,birdseye
767,37.917,38.853,25.7,16430,73958,0,16391,12263,0,0,43,30.00,16.50,18.00,910.0,birdseye
768,37.956,38.487,26.0,16436,73970,0,16397,12263,0,0,43,30.00,16.50,18.00,910.9,birdseye
769,37.994,46.721,21.4,16436,73970,0,16397,12263,0,0,43,30.00,16.50,18.00,911.9,birdseye
770,38.041,37.853,26.4,16436,73970,0,16397,12263,0,0,43,30.00,16.50,18.00,913.0,birdseye
771,38.079,37.410,26.7,16436,73970,0,16397,12263,0,0,43,30.00,16.50,18.00,913.9,birdseye
772,38.116,40.861,24.5,16424,73946,0,16385,12263,0,0,43,30.00,16.50,18.00,914.8,birdseye
773,38.157,42.181,23.7,16424,73946,0,16385,12263,0,0,43,30.00,16.50,18.00,915.8,birdseye
774,38.199,47.458,21.1,16424,73946,0,16385,12263,0,0,43,30.00,16.50,18.00,916.8,birdseye
775,38.247,39.661,25.2,16424,73946,0,16385,12263,0,0,43,30.00,16.50,18.00,917.9,birdseye
776,38.287,40.900,24.4,16424,73946,0,16385,12263,0,0,43,30.00,16.50,18.00,918.9,birdseye
777,38.327,38.084,26.3,16424,73946,0,16385,12263,0,0,43,30.00,16.50,18.00,919.9,birdseye
778,38.366,39.361,25.4,16424,73946,0,16385,12263,0,0,43,30.00,16.50,18.00,920.8,birdseye
779,38.405,49.021,20.4,16424,73946,0,16385,12263,0,0,43,30.00,16.50,18.00,921.7,birdseye
780,38.454,41.958,23.8,16424,73946,0,16385,12263,0,0,43,30.00,16.50,18.00,922.9,birdseye
781,38.496,59.946,16.7,16418,73934,0,16379,12263,0,0,43,30.00,16.50,18.00,923.9,birdseye
782,38.556,59.665,16.8,16418,73934,0,16379,12263,0,0,43,30.00,16.50,18.00,925.3,birdseye
783,38.616,50.495,19.8,16418,73934,0,16379,12263,0,0,43,30.00,16.50,18.00,926.8,birdseye
784,38.666,45.221,22.1,16418,73934,0,16379,12263,0,0,43,30.00,16.50,18.00,928.0,birdseye
785,38.711,45.204,22.1,16418,73934,0,16379,12263,0,0,43,30.00,16.50,18.00,929.1,birdseye
786,38.757,38.133,26.2,16418,73934,0,16379,12263,0,0,43,30.00,16.50,18.00,930.2,birdseye
787,38.795,40.638,24.6,16424,73946,0,16385,12263,0,0,43,30.00,16.50,18.00,931.1,birdseye
788,38.835,47.247,21.2,16430,73958,0,16391,12263,0,0,43,30.00,16.50,18.00,932.0,birdseye
789,38.883,37.845,26.4,16424,73946,0,16385,12263,0,0,43,30.00,16.50,18.00,933.2,birdseye
790,38.920,38.333,26.1,16424,73946,0,16385,12263,0,0,43,30.00,16.50,18.00,934.1,birdseye
791,38.959,38.352,26.1,16424,73946,0,16385,12263,0,0,43,30.00,16.50,18.00,935.0,birdseye
792,38.997,37.828,26.4,16424,73946,0,16385,12263,0,0,43,30.00,16.50,18.00,935.9,birdseye
793,39.035,38.193,26.2,16424,73946,0,16385,12263,0,0,43,30.00,16.50,18.00,936.8,birdseye
794,39.073,47.073,21.2,16424,73946,0,16385,12263,0,0,43,30.00,16.50,18.00,937.8,birdseye
795,39.120,39.397,25.4,16424,73946,0,16385,12263,0,0,43,30.00,16.50,18.00,938.9,birdseye
796,39.160,39.467,25.3,16430,73958,0,16391,12263,0,0,43,30.00,16.50,18.00,939.8,birdseye
797,39.199,39.231,25.5,16430,73958,0,16391,12263,0,0,43,30.00,16.50,18.00,940.8,birdseye
798,39.238,37.496,26.7,16430,73958,0,16391,12263,0,0,43,30.00,16.50,18.00,941.7,birdseye
799,39.276,52.382,19.1,16430,73958,0,16391,12263,0,0,43,30.00,16.50,18.00,942.6,birdseye
800,39.328,47.565,21.0,16430,73958,0,16391,12263,0,0,43,30.00,16.50,18.00,943.9,birdseye
801,39.376,43.551,23.0,16430,73958,0,16391,12263,0,0,43,30.00,16.50,18.00,945.0,birdseye
802,39.419,36.807,27.2,16430,73958,0,16391,12263,0,0,43,30.00,16.50,18.00,946.1,birdseye
803,39.456,36.637,27.3,16436,73970,0,16397,12263,0,0,43,30.00,16.50,18.00,946.9,birdseye
804,39.493,47.818,20.9,16436,73970,0,16397,12263,0,0,43,30.00,16.50,18.00,947.8,birdseye
805,39.541,47.883,20.9,16436,73970,0,16397,12263,0,0,43,30.00,16.50,18.00,949.0,birdseye
806,39.589,40.178,24.9,16436,73970,0,16397,12263,0,0,43,30.00,16.50,18.00,950.1,birdseye
807,39.629,46.740,21.4,16436,73970,0,16397,12263,0,0,43,30.00,16.50,18.00,951.1,birdseye
808,39.676,46.157,21.7,16442,73982,0,16403,12263,0,0,43,30.00,16.50,18.00,952.2,birdseye
809,39.722,55.484,18.0,16436,73970,0,16397,12263,0,0,43,30.00,16.50,18.00,953.3,birdseye
810,39.777,43.071,23.2,16436,73970,0,16397,12263,0,0,43,30.00,16.50,18.00,954.7,birdseye
811,39.820,36.848,27.1,16436,73970,0,16397,12263,0,0,43,30.00,16.50,18.00,955.7,birdseye
812,39.857,36.404,27.5,16436,73970,0,16397,12263,0,0,43,30.00,16.50,18.00,956.6,birdseye
813,39.894,36.545,27.4,16436,73970,0,16397,12263,0,0,43,30.00,16.50,18.00,957.4,birdseye
814,39.930,47.234,21.2,16436,73970,0,16397,12263,0,0,43,30.00,16.50,18.00,958.3,birdseye
815,39.977,43.064,23.2,16436,73970,0,16397,12263,0,0,43,30.00,16.50,18.00,959.5,birdseye
816,40.020,44.343,22.6,16436,73970,0,16397,12263,0,0,43,30.00,16.50,18.00,960.5,birdseye
